<?xml version="1.0" encoding="UTF-8"?>
<point_cloud version="1.2.0">
  <tracks path="tracks.ply" count="26890"/>
  <points path="points.ply" count="20314"/>
  <projections camera_id="0" path="p0.ply" count="1999"/>
  <projections camera_id="1" path="p1.ply" count="2352"/>
  <projections camera_id="2" path="p2.ply" count="1646"/>
  <projections camera_id="3" path="p3.ply" count="1507"/>
  <projections camera_id="4" path="p4.ply" count="1506"/>
  <projections camera_id="5" path="p5.ply" count="1613"/>
  <projections camera_id="6" path="p6.ply" count="2003"/>
  <projections camera_id="7" path="p7.ply" count="2100"/>
  <projections camera_id="8" path="p8.ply" count="2001"/>
  <projections camera_id="9" path="p9.ply" count="1926"/>
  <projections camera_id="10" path="p10.ply" count="1691"/>
  <projections camera_id="11" path="p11.ply" count="1590"/>
  <projections camera_id="12" path="p12.ply" count="1254"/>
  <projections camera_id="13" path="p13.ply" count="1307"/>
  <projections camera_id="14" path="p14.ply" count="1484"/>
  <projections camera_id="15" path="p15.ply" count="1533"/>
  <projections camera_id="16" path="p16.ply" count="1420"/>
  <projections camera_id="17" path="p17.ply" count="1266"/>
  <projections camera_id="18" path="p18.ply" count="1267"/>
  <projections camera_id="19" path="p19.ply" count="1999"/>
  <projections camera_id="20" path="p20.ply" count="963"/>
  <projections camera_id="21" path="p21.ply" count="988"/>
  <projections camera_id="22" path="p22.ply" count="1044"/>
  <projections camera_id="23" path="p23.ply" count="1226"/>
  <projections camera_id="24" path="p24.ply" count="1423"/>
  <projections camera_id="25" path="p25.ply" count="1322"/>
  <projections camera_id="26" path="p26.ply" count="1169"/>
  <projections camera_id="27" path="p27.ply" count="1005"/>
  <projections camera_id="28" path="p28.ply" count="991"/>
  <projections camera_id="29" path="p29.ply" count="1117"/>
  <projections camera_id="30" path="p30.ply" count="1167"/>
  <projections camera_id="31" path="p31.ply" count="1097"/>
  <projections camera_id="32" path="p32.ply" count="954"/>
  <projections camera_id="33" path="p33.ply" count="972"/>
  <projections camera_id="34" path="p34.ply" count="2030"/>
  <projections camera_id="35" path="p35.ply" count="2167"/>
  <projections camera_id="36" path="p36.ply" count="2003"/>
  <projections camera_id="37" path="p37.ply" count="1999"/>
  <projections camera_id="38" path="p38.ply" count="2098"/>
  <projections camera_id="39" path="p39.ply" count="2319"/>
  <projections camera_id="40" path="p40.ply" count="2212"/>
  <projections camera_id="41" path="p41.ply" count="2067"/>
  <projections camera_id="42" path="p42.ply" count="2097"/>
  <projections camera_id="43" path="p43.ply" count="2211"/>
  <projections camera_id="44" path="p44.ply" count="2530"/>
  <projections camera_id="45" path="p45.ply" count="2404"/>
  <projections camera_id="46" path="p46.ply" count="2315"/>
  <projections camera_id="47" path="p47.ply" count="2155"/>
  <projections camera_id="48" path="p48.ply" count="2184"/>
  <projections camera_id="49" path="p49.ply" count="2004"/>
  <projections camera_id="50" path="p50.ply" count="2003"/>
  <projections camera_id="51" path="p51.ply" count="2059"/>
</point_cloud>
