<?xml version="1.0" encoding="UTF-8"?>
<thumbnails version="1.2.0">
  <thumbnail camera_id="0" path="c0.jpg"/>
  <thumbnail camera_id="1" path="c1.jpg"/>
  <thumbnail camera_id="2" path="c2.jpg"/>
  <thumbnail camera_id="3" path="c3.jpg"/>
  <thumbnail camera_id="4" path="c4.jpg"/>
  <thumbnail camera_id="5" path="c5.jpg"/>
  <thumbnail camera_id="6" path="c6.jpg"/>
  <thumbnail camera_id="7" path="c7.jpg"/>
  <thumbnail camera_id="8" path="c8.jpg"/>
  <thumbnail camera_id="9" path="c9.jpg"/>
  <thumbnail camera_id="10" path="c10.jpg"/>
  <thumbnail camera_id="11" path="c11.jpg"/>
  <thumbnail camera_id="12" path="c12.jpg"/>
  <thumbnail camera_id="13" path="c13.jpg"/>
  <thumbnail camera_id="14" path="c14.jpg"/>
  <thumbnail camera_id="15" path="c15.jpg"/>
  <thumbnail camera_id="16" path="c16.jpg"/>
  <thumbnail camera_id="17" path="c17.jpg"/>
  <thumbnail camera_id="18" path="c18.jpg"/>
  <thumbnail camera_id="19" path="c19.jpg"/>
  <thumbnail camera_id="20" path="c20.jpg"/>
  <thumbnail camera_id="21" path="c21.jpg"/>
  <thumbnail camera_id="22" path="c22.jpg"/>
  <thumbnail camera_id="23" path="c23.jpg"/>
  <thumbnail camera_id="24" path="c24.jpg"/>
  <thumbnail camera_id="25" path="c25.jpg"/>
  <thumbnail camera_id="26" path="c26.jpg"/>
  <thumbnail camera_id="27" path="c27.jpg"/>
  <thumbnail camera_id="28" path="c28.jpg"/>
  <thumbnail camera_id="29" path="c29.jpg"/>
  <thumbnail camera_id="30" path="c30.jpg"/>
  <thumbnail camera_id="31" path="c31.jpg"/>
  <thumbnail camera_id="32" path="c32.jpg"/>
  <thumbnail camera_id="33" path="c33.jpg"/>
  <thumbnail camera_id="34" path="c34.jpg"/>
  <thumbnail camera_id="35" path="c35.jpg"/>
  <thumbnail camera_id="36" path="c36.jpg"/>
  <thumbnail camera_id="37" path="c37.jpg"/>
  <thumbnail camera_id="38" path="c38.jpg"/>
  <thumbnail camera_id="39" path="c39.jpg"/>
  <thumbnail camera_id="40" path="c40.jpg"/>
  <thumbnail camera_id="41" path="c41.jpg"/>
  <thumbnail camera_id="42" path="c42.jpg"/>
  <thumbnail camera_id="43" path="c43.jpg"/>
  <thumbnail camera_id="44" path="c44.jpg"/>
  <thumbnail camera_id="45" path="c45.jpg"/>
  <thumbnail camera_id="46" path="c46.jpg"/>
  <thumbnail camera_id="47" path="c47.jpg"/>
  <thumbnail camera_id="48" path="c48.jpg"/>
  <thumbnail camera_id="49" path="c49.jpg"/>
  <thumbnail camera_id="50" path="c50.jpg"/>
  <thumbnail camera_id="51" path="c51.jpg"/>
</thumbnails>
