<?xml version="1.0" encoding="UTF-8"?>
<point_cloud version="1.2.0">
  <tracks path="tracks.ply" count="18635"/>
  <points path="points.ply" count="13023"/>
  <projections camera_id="0" path="p0.ply" count="1999"/>
  <projections camera_id="1" path="p1.ply" count="2352"/>
  <projections camera_id="2" path="p2.ply" count="1646"/>
  <projections camera_id="3" path="p3.ply" count="1507"/>
  <projections camera_id="4" path="p4.ply" count="1506"/>
  <projections camera_id="5" path="p5.ply" count="1613"/>
  <projections camera_id="6" path="p6.ply" count="2003"/>
  <projections camera_id="7" path="p7.ply" count="2100"/>
  <projections camera_id="8" path="p8.ply" count="2001"/>
  <projections camera_id="9" path="p9.ply" count="1926"/>
  <projections camera_id="10" path="p10.ply" count="1691"/>
  <projections camera_id="11" path="p11.ply" count="1590"/>
  <projections camera_id="12" path="p12.ply" count="1254"/>
  <projections camera_id="13" path="p13.ply" count="1307"/>
  <projections camera_id="14" path="p14.ply" count="1484"/>
  <projections camera_id="15" path="p15.ply" count="1533"/>
  <projections camera_id="16" path="p16.ply" count="1420"/>
  <projections camera_id="17" path="p17.ply" count="1266"/>
  <projections camera_id="18" path="p18.ply" count="1267"/>
  <projections camera_id="19" path="p19.ply" count="1999"/>
  <projections camera_id="39" path="p39.ply" count="963"/>
  <projections camera_id="40" path="p40.ply" count="988"/>
  <projections camera_id="41" path="p41.ply" count="1044"/>
  <projections camera_id="42" path="p42.ply" count="1226"/>
  <projections camera_id="43" path="p43.ply" count="1423"/>
  <projections camera_id="44" path="p44.ply" count="1322"/>
  <projections camera_id="45" path="p45.ply" count="1169"/>
  <projections camera_id="46" path="p46.ply" count="1005"/>
  <projections camera_id="47" path="p47.ply" count="991"/>
  <projections camera_id="48" path="p48.ply" count="1117"/>
  <projections camera_id="49" path="p49.ply" count="1167"/>
  <projections camera_id="50" path="p50.ply" count="1097"/>
  <projections camera_id="51" path="p51.ply" count="954"/>
  <projections camera_id="52" path="p52.ply" count="972"/>
  <meta>
    <property name="match/duration" value="123.031"/>
    <property name="match/match_downscale" value="1"/>
    <property name="match/match_filter_mask" value="true"/>
    <property name="match/match_point_limit" value="80000"/>
    <property name="match/match_select_pairs" value="0"/>
    <property name="match/match_tiepoint_limit" value="2000"/>
  </meta>
</point_cloud>
