<?xml version="1.0" encoding="UTF-8"?>
<thumbnails version="1.2.0">
  <thumbnail camera_id="0" path="c0.jpg"/>
  <thumbnail camera_id="1" path="c1.jpg"/>
  <thumbnail camera_id="2" path="c2.jpg"/>
  <thumbnail camera_id="3" path="c3.jpg"/>
  <thumbnail camera_id="4" path="c4.jpg"/>
  <thumbnail camera_id="5" path="c5.jpg"/>
  <thumbnail camera_id="6" path="c6.jpg"/>
  <thumbnail camera_id="7" path="c7.jpg"/>
  <thumbnail camera_id="8" path="c8.jpg"/>
  <thumbnail camera_id="9" path="c9.jpg"/>
  <thumbnail camera_id="10" path="c10.jpg"/>
  <thumbnail camera_id="11" path="c11.jpg"/>
  <thumbnail camera_id="12" path="c12.jpg"/>
  <thumbnail camera_id="13" path="c13.jpg"/>
  <thumbnail camera_id="14" path="c14.jpg"/>
  <thumbnail camera_id="15" path="c15.jpg"/>
  <thumbnail camera_id="16" path="c16.jpg"/>
  <thumbnail camera_id="17" path="c17.jpg"/>
  <thumbnail camera_id="18" path="c18.jpg"/>
  <thumbnail camera_id="19" path="c19.jpg"/>
  <thumbnail camera_id="39" path="c39.jpg"/>
  <thumbnail camera_id="40" path="c40.jpg"/>
  <thumbnail camera_id="41" path="c41.jpg"/>
  <thumbnail camera_id="42" path="c42.jpg"/>
  <thumbnail camera_id="43" path="c43.jpg"/>
  <thumbnail camera_id="44" path="c44.jpg"/>
  <thumbnail camera_id="45" path="c45.jpg"/>
  <thumbnail camera_id="46" path="c46.jpg"/>
  <thumbnail camera_id="47" path="c47.jpg"/>
  <thumbnail camera_id="48" path="c48.jpg"/>
  <thumbnail camera_id="49" path="c49.jpg"/>
  <thumbnail camera_id="50" path="c50.jpg"/>
  <thumbnail camera_id="51" path="c51.jpg"/>
  <thumbnail camera_id="52" path="c52.jpg"/>
</thumbnails>
