<?xml version="1.0" encoding="UTF-8"?>
<frame>
  <cameras>
    <camera camera_id="0">
      <photo path="../../../IMG_1724.JPG">
        <meta>
          <property name="Exif/ApertureValue" value="3.625"/>
          <property name="Exif/DateTime" value="2015:09:07 12:47:54"/>
          <property name="Exif/DateTimeOriginal" value="2015:09:07 12:47:54"/>
          <property name="Exif/ExposureTime" value="0.025"/>
          <property name="Exif/FNumber" value="3.5"/>
          <property name="Exif/FocalLength" value="18"/>
          <property name="Exif/FocalPlaneXResolution" value="225.518771479532"/>
          <property name="Exif/FocalPlaneYResolution" value="228.67729769073"/>
          <property name="Exif/ISOSpeedRatings" value="500"/>
          <property name="Exif/Make" value="Canon"/>
          <property name="Exif/Model" value="Canon EOS 600D"/>
          <property name="Exif/Orientation" value="1"/>
          <property name="Exif/ShutterSpeedValue" value="5.375"/>
          <property name="File/ImageHeight" value="3456"/>
          <property name="File/ImageWidth" value="5184"/>
          <property name="System/FileModifyDate" value="2015:11:11 12:13:50"/>
          <property name="System/FileSize" value="4630974"/>
        </meta>
      </photo>
    </camera>
    <camera camera_id="1">
      <photo path="../../../IMG_1725.JPG">
        <meta>
          <property name="Exif/ApertureValue" value="3.625"/>
          <property name="Exif/DateTime" value="2015:09:07 12:48:02"/>
          <property name="Exif/DateTimeOriginal" value="2015:09:07 12:48:02"/>
          <property name="Exif/ExposureTime" value="0.025"/>
          <property name="Exif/FNumber" value="3.5"/>
          <property name="Exif/FocalLength" value="18"/>
          <property name="Exif/FocalPlaneXResolution" value="225.518771479532"/>
          <property name="Exif/FocalPlaneYResolution" value="228.67729769073"/>
          <property name="Exif/ISOSpeedRatings" value="500"/>
          <property name="Exif/Make" value="Canon"/>
          <property name="Exif/Model" value="Canon EOS 600D"/>
          <property name="Exif/Orientation" value="1"/>
          <property name="Exif/ShutterSpeedValue" value="5.375"/>
          <property name="File/ImageHeight" value="3456"/>
          <property name="File/ImageWidth" value="5184"/>
          <property name="System/FileModifyDate" value="2015:11:11 12:13:52"/>
          <property name="System/FileSize" value="4595288"/>
        </meta>
      </photo>
    </camera>
    <camera camera_id="2">
      <photo path="../../../IMG_1726.JPG">
        <meta>
          <property name="Exif/ApertureValue" value="3.625"/>
          <property name="Exif/DateTime" value="2015:09:07 12:48:10"/>
          <property name="Exif/DateTimeOriginal" value="2015:09:07 12:48:10"/>
          <property name="Exif/ExposureTime" value="0.025"/>
          <property name="Exif/FNumber" value="3.5"/>
          <property name="Exif/FocalLength" value="18"/>
          <property name="Exif/FocalPlaneXResolution" value="225.518771479532"/>
          <property name="Exif/FocalPlaneYResolution" value="228.67729769073"/>
          <property name="Exif/ISOSpeedRatings" value="500"/>
          <property name="Exif/Make" value="Canon"/>
          <property name="Exif/Model" value="Canon EOS 600D"/>
          <property name="Exif/Orientation" value="1"/>
          <property name="Exif/ShutterSpeedValue" value="5.375"/>
          <property name="File/ImageHeight" value="3456"/>
          <property name="File/ImageWidth" value="5184"/>
          <property name="System/FileModifyDate" value="2015:11:11 12:13:54"/>
          <property name="System/FileSize" value="4520054"/>
        </meta>
      </photo>
    </camera>
    <camera camera_id="3">
      <photo path="../../../IMG_1727.JPG">
        <meta>
          <property name="Exif/ApertureValue" value="3.625"/>
          <property name="Exif/DateTime" value="2015:09:07 12:48:16"/>
          <property name="Exif/DateTimeOriginal" value="2015:09:07 12:48:16"/>
          <property name="Exif/ExposureTime" value="0.0333333333333333"/>
          <property name="Exif/FNumber" value="3.5"/>
          <property name="Exif/FocalLength" value="18"/>
          <property name="Exif/FocalPlaneXResolution" value="225.518771479532"/>
          <property name="Exif/FocalPlaneYResolution" value="228.67729769073"/>
          <property name="Exif/ISOSpeedRatings" value="500"/>
          <property name="Exif/Make" value="Canon"/>
          <property name="Exif/Model" value="Canon EOS 600D"/>
          <property name="Exif/Orientation" value="1"/>
          <property name="Exif/ShutterSpeedValue" value="5"/>
          <property name="File/ImageHeight" value="3456"/>
          <property name="File/ImageWidth" value="5184"/>
          <property name="System/FileModifyDate" value="2015:11:11 12:13:56"/>
          <property name="System/FileSize" value="4391981"/>
        </meta>
      </photo>
    </camera>
    <camera camera_id="4">
      <photo path="../../../IMG_1728.JPG">
        <meta>
          <property name="Exif/ApertureValue" value="3.625"/>
          <property name="Exif/DateTime" value="2015:09:07 12:48:23"/>
          <property name="Exif/DateTimeOriginal" value="2015:09:07 12:48:23"/>
          <property name="Exif/ExposureTime" value="0.0333333333333333"/>
          <property name="Exif/FNumber" value="3.5"/>
          <property name="Exif/FocalLength" value="18"/>
          <property name="Exif/FocalPlaneXResolution" value="225.518771479532"/>
          <property name="Exif/FocalPlaneYResolution" value="228.67729769073"/>
          <property name="Exif/ISOSpeedRatings" value="500"/>
          <property name="Exif/Make" value="Canon"/>
          <property name="Exif/Model" value="Canon EOS 600D"/>
          <property name="Exif/Orientation" value="1"/>
          <property name="Exif/ShutterSpeedValue" value="5"/>
          <property name="File/ImageHeight" value="3456"/>
          <property name="File/ImageWidth" value="5184"/>
          <property name="System/FileModifyDate" value="2015:11:11 12:14:01"/>
          <property name="System/FileSize" value="4453717"/>
        </meta>
      </photo>
    </camera>
    <camera camera_id="5">
      <photo path="../../../IMG_1729.JPG">
        <meta>
          <property name="Exif/ApertureValue" value="3.625"/>
          <property name="Exif/DateTime" value="2015:09:07 12:48:30"/>
          <property name="Exif/DateTimeOriginal" value="2015:09:07 12:48:30"/>
          <property name="Exif/ExposureTime" value="0.0333333333333333"/>
          <property name="Exif/FNumber" value="3.5"/>
          <property name="Exif/FocalLength" value="18"/>
          <property name="Exif/FocalPlaneXResolution" value="225.518771479532"/>
          <property name="Exif/FocalPlaneYResolution" value="228.67729769073"/>
          <property name="Exif/ISOSpeedRatings" value="500"/>
          <property name="Exif/Make" value="Canon"/>
          <property name="Exif/Model" value="Canon EOS 600D"/>
          <property name="Exif/Orientation" value="1"/>
          <property name="Exif/ShutterSpeedValue" value="5"/>
          <property name="File/ImageHeight" value="3456"/>
          <property name="File/ImageWidth" value="5184"/>
          <property name="System/FileModifyDate" value="2015:11:11 12:14:03"/>
          <property name="System/FileSize" value="4396662"/>
        </meta>
      </photo>
    </camera>
    <camera camera_id="6">
      <photo path="../../../IMG_1730.JPG">
        <meta>
          <property name="Exif/ApertureValue" value="3.625"/>
          <property name="Exif/DateTime" value="2015:09:07 12:48:37"/>
          <property name="Exif/DateTimeOriginal" value="2015:09:07 12:48:37"/>
          <property name="Exif/ExposureTime" value="0.025"/>
          <property name="Exif/FNumber" value="3.5"/>
          <property name="Exif/FocalLength" value="18"/>
          <property name="Exif/FocalPlaneXResolution" value="225.518771479532"/>
          <property name="Exif/FocalPlaneYResolution" value="228.67729769073"/>
          <property name="Exif/ISOSpeedRatings" value="500"/>
          <property name="Exif/Make" value="Canon"/>
          <property name="Exif/Model" value="Canon EOS 600D"/>
          <property name="Exif/Orientation" value="1"/>
          <property name="Exif/ShutterSpeedValue" value="5.375"/>
          <property name="File/ImageHeight" value="3456"/>
          <property name="File/ImageWidth" value="5184"/>
          <property name="System/FileModifyDate" value="2015:11:11 12:14:05"/>
          <property name="System/FileSize" value="4457964"/>
        </meta>
      </photo>
    </camera>
    <camera camera_id="7">
      <photo path="../../../IMG_1731.JPG">
        <meta>
          <property name="Exif/ApertureValue" value="3.625"/>
          <property name="Exif/DateTime" value="2015:09:07 12:48:43"/>
          <property name="Exif/DateTimeOriginal" value="2015:09:07 12:48:43"/>
          <property name="Exif/ExposureTime" value="0.025"/>
          <property name="Exif/FNumber" value="3.5"/>
          <property name="Exif/FocalLength" value="18"/>
          <property name="Exif/FocalPlaneXResolution" value="225.518771479532"/>
          <property name="Exif/FocalPlaneYResolution" value="228.67729769073"/>
          <property name="Exif/ISOSpeedRatings" value="500"/>
          <property name="Exif/Make" value="Canon"/>
          <property name="Exif/Model" value="Canon EOS 600D"/>
          <property name="Exif/Orientation" value="1"/>
          <property name="Exif/ShutterSpeedValue" value="5.375"/>
          <property name="File/ImageHeight" value="3456"/>
          <property name="File/ImageWidth" value="5184"/>
          <property name="System/FileModifyDate" value="2015:11:11 12:14:06"/>
          <property name="System/FileSize" value="4422582"/>
        </meta>
      </photo>
    </camera>
    <camera camera_id="8">
      <photo path="../../../IMG_1732.JPG">
        <meta>
          <property name="Exif/ApertureValue" value="3.625"/>
          <property name="Exif/DateTime" value="2015:09:07 12:48:50"/>
          <property name="Exif/DateTimeOriginal" value="2015:09:07 12:48:50"/>
          <property name="Exif/ExposureTime" value="0.025"/>
          <property name="Exif/FNumber" value="3.5"/>
          <property name="Exif/FocalLength" value="18"/>
          <property name="Exif/FocalPlaneXResolution" value="225.518771479532"/>
          <property name="Exif/FocalPlaneYResolution" value="228.67729769073"/>
          <property name="Exif/ISOSpeedRatings" value="500"/>
          <property name="Exif/Make" value="Canon"/>
          <property name="Exif/Model" value="Canon EOS 600D"/>
          <property name="Exif/Orientation" value="1"/>
          <property name="Exif/ShutterSpeedValue" value="5.375"/>
          <property name="File/ImageHeight" value="3456"/>
          <property name="File/ImageWidth" value="5184"/>
          <property name="System/FileModifyDate" value="2015:11:11 12:14:08"/>
          <property name="System/FileSize" value="4483334"/>
        </meta>
      </photo>
    </camera>
    <camera camera_id="9">
      <photo path="../../../IMG_1733.JPG">
        <meta>
          <property name="Exif/ApertureValue" value="3.625"/>
          <property name="Exif/DateTime" value="2015:09:07 12:48:57"/>
          <property name="Exif/DateTimeOriginal" value="2015:09:07 12:48:57"/>
          <property name="Exif/ExposureTime" value="0.025"/>
          <property name="Exif/FNumber" value="3.5"/>
          <property name="Exif/FocalLength" value="18"/>
          <property name="Exif/FocalPlaneXResolution" value="225.518771479532"/>
          <property name="Exif/FocalPlaneYResolution" value="228.67729769073"/>
          <property name="Exif/ISOSpeedRatings" value="500"/>
          <property name="Exif/Make" value="Canon"/>
          <property name="Exif/Model" value="Canon EOS 600D"/>
          <property name="Exif/Orientation" value="1"/>
          <property name="Exif/ShutterSpeedValue" value="5.375"/>
          <property name="File/ImageHeight" value="3456"/>
          <property name="File/ImageWidth" value="5184"/>
          <property name="System/FileModifyDate" value="2015:11:11 12:14:11"/>
          <property name="System/FileSize" value="4414432"/>
        </meta>
      </photo>
    </camera>
    <camera camera_id="10">
      <photo path="../../../IMG_1734.JPG">
        <meta>
          <property name="Exif/ApertureValue" value="3.625"/>
          <property name="Exif/DateTime" value="2015:09:07 12:49:05"/>
          <property name="Exif/DateTimeOriginal" value="2015:09:07 12:49:05"/>
          <property name="Exif/ExposureTime" value="0.0333333333333333"/>
          <property name="Exif/FNumber" value="3.5"/>
          <property name="Exif/FocalLength" value="18"/>
          <property name="Exif/FocalPlaneXResolution" value="225.518771479532"/>
          <property name="Exif/FocalPlaneYResolution" value="228.67729769073"/>
          <property name="Exif/ISOSpeedRatings" value="400"/>
          <property name="Exif/Make" value="Canon"/>
          <property name="Exif/Model" value="Canon EOS 600D"/>
          <property name="Exif/Orientation" value="1"/>
          <property name="Exif/ShutterSpeedValue" value="5"/>
          <property name="File/ImageHeight" value="3456"/>
          <property name="File/ImageWidth" value="5184"/>
          <property name="System/FileModifyDate" value="2015:11:11 12:14:12"/>
          <property name="System/FileSize" value="4152901"/>
        </meta>
      </photo>
    </camera>
    <camera camera_id="11">
      <photo path="../../../IMG_1735.JPG">
        <meta>
          <property name="Exif/ApertureValue" value="3.625"/>
          <property name="Exif/DateTime" value="2015:09:07 12:49:11"/>
          <property name="Exif/DateTimeOriginal" value="2015:09:07 12:49:11"/>
          <property name="Exif/ExposureTime" value="0.0333333333333333"/>
          <property name="Exif/FNumber" value="3.5"/>
          <property name="Exif/FocalLength" value="18"/>
          <property name="Exif/FocalPlaneXResolution" value="225.518771479532"/>
          <property name="Exif/FocalPlaneYResolution" value="228.67729769073"/>
          <property name="Exif/ISOSpeedRatings" value="400"/>
          <property name="Exif/Make" value="Canon"/>
          <property name="Exif/Model" value="Canon EOS 600D"/>
          <property name="Exif/Orientation" value="1"/>
          <property name="Exif/ShutterSpeedValue" value="5"/>
          <property name="File/ImageHeight" value="3456"/>
          <property name="File/ImageWidth" value="5184"/>
          <property name="System/FileModifyDate" value="2015:11:11 12:14:14"/>
          <property name="System/FileSize" value="4111179"/>
        </meta>
      </photo>
    </camera>
    <camera camera_id="12">
      <photo path="../../../IMG_1736.JPG">
        <meta>
          <property name="Exif/ApertureValue" value="3.625"/>
          <property name="Exif/DateTime" value="2015:09:07 12:49:18"/>
          <property name="Exif/DateTimeOriginal" value="2015:09:07 12:49:18"/>
          <property name="Exif/ExposureTime" value="0.0333333333333333"/>
          <property name="Exif/FNumber" value="3.5"/>
          <property name="Exif/FocalLength" value="18"/>
          <property name="Exif/FocalPlaneXResolution" value="225.518771479532"/>
          <property name="Exif/FocalPlaneYResolution" value="228.67729769073"/>
          <property name="Exif/ISOSpeedRatings" value="400"/>
          <property name="Exif/Make" value="Canon"/>
          <property name="Exif/Model" value="Canon EOS 600D"/>
          <property name="Exif/Orientation" value="1"/>
          <property name="Exif/ShutterSpeedValue" value="5"/>
          <property name="File/ImageHeight" value="3456"/>
          <property name="File/ImageWidth" value="5184"/>
          <property name="System/FileModifyDate" value="2015:11:11 12:14:16"/>
          <property name="System/FileSize" value="4299311"/>
        </meta>
      </photo>
    </camera>
    <camera camera_id="13">
      <photo path="../../../IMG_1737.JPG">
        <meta>
          <property name="Exif/ApertureValue" value="3.625"/>
          <property name="Exif/DateTime" value="2015:09:07 12:49:25"/>
          <property name="Exif/DateTimeOriginal" value="2015:09:07 12:49:25"/>
          <property name="Exif/ExposureTime" value="0.0333333333333333"/>
          <property name="Exif/FNumber" value="3.5"/>
          <property name="Exif/FocalLength" value="18"/>
          <property name="Exif/FocalPlaneXResolution" value="225.518771479532"/>
          <property name="Exif/FocalPlaneYResolution" value="228.67729769073"/>
          <property name="Exif/ISOSpeedRatings" value="400"/>
          <property name="Exif/Make" value="Canon"/>
          <property name="Exif/Model" value="Canon EOS 600D"/>
          <property name="Exif/Orientation" value="1"/>
          <property name="Exif/ShutterSpeedValue" value="5"/>
          <property name="File/ImageHeight" value="3456"/>
          <property name="File/ImageWidth" value="5184"/>
          <property name="System/FileModifyDate" value="2015:11:11 12:14:18"/>
          <property name="System/FileSize" value="4381522"/>
        </meta>
      </photo>
    </camera>
    <camera camera_id="14">
      <photo path="../../../IMG_1738.JPG">
        <meta>
          <property name="Exif/ApertureValue" value="3.625"/>
          <property name="Exif/DateTime" value="2015:09:07 12:49:32"/>
          <property name="Exif/DateTimeOriginal" value="2015:09:07 12:49:32"/>
          <property name="Exif/ExposureTime" value="0.0333333333333333"/>
          <property name="Exif/FNumber" value="3.5"/>
          <property name="Exif/FocalLength" value="18"/>
          <property name="Exif/FocalPlaneXResolution" value="225.518771479532"/>
          <property name="Exif/FocalPlaneYResolution" value="228.67729769073"/>
          <property name="Exif/ISOSpeedRatings" value="400"/>
          <property name="Exif/Make" value="Canon"/>
          <property name="Exif/Model" value="Canon EOS 600D"/>
          <property name="Exif/Orientation" value="1"/>
          <property name="Exif/ShutterSpeedValue" value="5"/>
          <property name="File/ImageHeight" value="3456"/>
          <property name="File/ImageWidth" value="5184"/>
          <property name="System/FileModifyDate" value="2015:11:11 12:14:20"/>
          <property name="System/FileSize" value="4380600"/>
        </meta>
      </photo>
    </camera>
    <camera camera_id="15">
      <photo path="../../../IMG_1739.JPG">
        <meta>
          <property name="Exif/ApertureValue" value="3.625"/>
          <property name="Exif/DateTime" value="2015:09:07 12:49:40"/>
          <property name="Exif/DateTimeOriginal" value="2015:09:07 12:49:40"/>
          <property name="Exif/ExposureTime" value="0.0333333333333333"/>
          <property name="Exif/FNumber" value="3.5"/>
          <property name="Exif/FocalLength" value="18"/>
          <property name="Exif/FocalPlaneXResolution" value="225.518771479532"/>
          <property name="Exif/FocalPlaneYResolution" value="228.67729769073"/>
          <property name="Exif/ISOSpeedRatings" value="400"/>
          <property name="Exif/Make" value="Canon"/>
          <property name="Exif/Model" value="Canon EOS 600D"/>
          <property name="Exif/Orientation" value="1"/>
          <property name="Exif/ShutterSpeedValue" value="5"/>
          <property name="File/ImageHeight" value="3456"/>
          <property name="File/ImageWidth" value="5184"/>
          <property name="System/FileModifyDate" value="2015:11:11 12:14:22"/>
          <property name="System/FileSize" value="4380767"/>
        </meta>
      </photo>
    </camera>
    <camera camera_id="16">
      <photo path="../../../IMG_1740.JPG">
        <meta>
          <property name="Exif/ApertureValue" value="3.625"/>
          <property name="Exif/DateTime" value="2015:09:07 12:50:11"/>
          <property name="Exif/DateTimeOriginal" value="2015:09:07 12:50:11"/>
          <property name="Exif/ExposureTime" value="0.0333333333333333"/>
          <property name="Exif/FNumber" value="3.5"/>
          <property name="Exif/FocalLength" value="18"/>
          <property name="Exif/FocalPlaneXResolution" value="225.518771479532"/>
          <property name="Exif/FocalPlaneYResolution" value="228.67729769073"/>
          <property name="Exif/ISOSpeedRatings" value="400"/>
          <property name="Exif/Make" value="Canon"/>
          <property name="Exif/Model" value="Canon EOS 600D"/>
          <property name="Exif/Orientation" value="1"/>
          <property name="Exif/ShutterSpeedValue" value="5"/>
          <property name="File/ImageHeight" value="3456"/>
          <property name="File/ImageWidth" value="5184"/>
          <property name="System/FileModifyDate" value="2015:11:11 12:14:24"/>
          <property name="System/FileSize" value="4411505"/>
        </meta>
      </photo>
    </camera>
    <camera camera_id="17">
      <photo path="../../../IMG_1741.JPG">
        <meta>
          <property name="Exif/ApertureValue" value="3.625"/>
          <property name="Exif/DateTime" value="2015:09:07 12:50:18"/>
          <property name="Exif/DateTimeOriginal" value="2015:09:07 12:50:18"/>
          <property name="Exif/ExposureTime" value="0.0333333333333333"/>
          <property name="Exif/FNumber" value="3.5"/>
          <property name="Exif/FocalLength" value="18"/>
          <property name="Exif/FocalPlaneXResolution" value="225.518771479532"/>
          <property name="Exif/FocalPlaneYResolution" value="228.67729769073"/>
          <property name="Exif/ISOSpeedRatings" value="400"/>
          <property name="Exif/Make" value="Canon"/>
          <property name="Exif/Model" value="Canon EOS 600D"/>
          <property name="Exif/Orientation" value="1"/>
          <property name="Exif/ShutterSpeedValue" value="5"/>
          <property name="File/ImageHeight" value="3456"/>
          <property name="File/ImageWidth" value="5184"/>
          <property name="System/FileModifyDate" value="2015:11:11 12:14:27"/>
          <property name="System/FileSize" value="4257574"/>
        </meta>
      </photo>
    </camera>
  </cameras>
  <markers>
    <marker marker_id="0">
      <location camera_id="6" pinned="true" x="2584.5505" y="290.52536"/>
      <location camera_id="7" pinned="true" x="2999.072" y="359.58835"/>
    </marker>
    <marker marker_id="1">
      <location camera_id="5" pinned="true" x="2422.5181" y="3020.6313"/>
      <location camera_id="12" pinned="true" x="1697.2944" y="395.78989"/>
      <location camera_id="13" pinned="true" x="2121.6008" y="259.4057"/>
    </marker>
    <marker marker_id="2">
      <location camera_id="4" pinned="true" x="2532.7249" y="312.52371"/>
      <location camera_id="5" pinned="true" x="3089.5024" y="415.8252"/>
    </marker>
  </markers>
  <masks path="masks/masks.zip"/>
  <thumbnails path="thumbnails/thumbnails.zip"/>
  <point_cloud path="point_cloud/point_cloud.zip"/>
  <dense_cloud path="dense_cloud/dense_cloud.zip"/>
</frame>
