<?xml version="1.0" encoding="UTF-8"?>
<point_cloud version="1.2.0">
  <tracks path="tracks.ply" count="8255"/>
  <points path="points.ply" count="7291"/>
  <projections camera_id="0" path="p0.ply" count="2030"/>
  <projections camera_id="1" path="p1.ply" count="2167"/>
  <projections camera_id="2" path="p2.ply" count="2003"/>
  <projections camera_id="3" path="p3.ply" count="1999"/>
  <projections camera_id="4" path="p4.ply" count="2098"/>
  <projections camera_id="5" path="p5.ply" count="2319"/>
  <projections camera_id="6" path="p6.ply" count="2212"/>
  <projections camera_id="7" path="p7.ply" count="2067"/>
  <projections camera_id="8" path="p8.ply" count="2097"/>
  <projections camera_id="9" path="p9.ply" count="2211"/>
  <projections camera_id="10" path="p10.ply" count="2530"/>
  <projections camera_id="11" path="p11.ply" count="2404"/>
  <projections camera_id="12" path="p12.ply" count="2315"/>
  <projections camera_id="13" path="p13.ply" count="2155"/>
  <projections camera_id="14" path="p14.ply" count="2184"/>
  <projections camera_id="15" path="p15.ply" count="2004"/>
  <projections camera_id="16" path="p16.ply" count="2003"/>
  <projections camera_id="17" path="p17.ply" count="2059"/>
  <meta>
    <property name="match/duration" value="129.454"/>
    <property name="match/match_downscale" value="1"/>
    <property name="match/match_filter_mask" value="true"/>
    <property name="match/match_point_limit" value="80000"/>
    <property name="match/match_select_pairs" value="0"/>
    <property name="match/match_tiepoint_limit" value="2000"/>
  </meta>
</point_cloud>
