<?xml version="1.0" encoding="UTF-8"?>
<frame>
  <cameras>
    <camera camera_id="0">
      <photo path="../../../IMG_1671.JPG">
        <meta>
          <property name="Exif/ApertureValue" value="4.375"/>
          <property name="Exif/DateTime" value="2015:09:07 10:27:22"/>
          <property name="Exif/DateTimeOriginal" value="2015:09:07 10:27:22"/>
          <property name="Exif/ExposureTime" value="0.02"/>
          <property name="Exif/FNumber" value="4.5"/>
          <property name="Exif/FocalLength" value="29"/>
          <property name="Exif/FocalPlaneXResolution" value="225.518771479532"/>
          <property name="Exif/FocalPlaneYResolution" value="228.67729769073"/>
          <property name="Exif/ISOSpeedRatings" value="400"/>
          <property name="Exif/Make" value="Canon"/>
          <property name="Exif/Model" value="Canon EOS 600D"/>
          <property name="Exif/Orientation" value="1"/>
          <property name="Exif/ShutterSpeedValue" value="5.625"/>
          <property name="File/ImageHeight" value="3456"/>
          <property name="File/ImageWidth" value="5184"/>
          <property name="System/FileModifyDate" value="2015:11:11 12:11:58"/>
          <property name="System/FileSize" value="4924948"/>
        </meta>
      </photo>
    </camera>
    <camera camera_id="1">
      <photo path="../../../IMG_1672.JPG">
        <meta>
          <property name="Exif/ApertureValue" value="4.375"/>
          <property name="Exif/DateTime" value="2015:09:07 10:27:28"/>
          <property name="Exif/DateTimeOriginal" value="2015:09:07 10:27:28"/>
          <property name="Exif/ExposureTime" value="0.02"/>
          <property name="Exif/FNumber" value="4.5"/>
          <property name="Exif/FocalLength" value="29"/>
          <property name="Exif/FocalPlaneXResolution" value="225.518771479532"/>
          <property name="Exif/FocalPlaneYResolution" value="228.67729769073"/>
          <property name="Exif/ISOSpeedRatings" value="400"/>
          <property name="Exif/Make" value="Canon"/>
          <property name="Exif/Model" value="Canon EOS 600D"/>
          <property name="Exif/Orientation" value="1"/>
          <property name="Exif/ShutterSpeedValue" value="5.625"/>
          <property name="File/ImageHeight" value="3456"/>
          <property name="File/ImageWidth" value="5184"/>
          <property name="System/FileModifyDate" value="2015:11:11 12:12:00"/>
          <property name="System/FileSize" value="5045256"/>
        </meta>
      </photo>
    </camera>
    <camera camera_id="2">
      <photo path="../../../IMG_1673.JPG">
        <meta>
          <property name="Exif/ApertureValue" value="4.375"/>
          <property name="Exif/DateTime" value="2015:09:07 10:27:36"/>
          <property name="Exif/DateTimeOriginal" value="2015:09:07 10:27:36"/>
          <property name="Exif/ExposureTime" value="0.02"/>
          <property name="Exif/FNumber" value="4.5"/>
          <property name="Exif/FocalLength" value="29"/>
          <property name="Exif/FocalPlaneXResolution" value="225.518771479532"/>
          <property name="Exif/FocalPlaneYResolution" value="228.67729769073"/>
          <property name="Exif/ISOSpeedRatings" value="400"/>
          <property name="Exif/Make" value="Canon"/>
          <property name="Exif/Model" value="Canon EOS 600D"/>
          <property name="Exif/Orientation" value="1"/>
          <property name="Exif/ShutterSpeedValue" value="5.625"/>
          <property name="File/ImageHeight" value="3456"/>
          <property name="File/ImageWidth" value="5184"/>
          <property name="System/FileModifyDate" value="2015:11:11 12:12:02"/>
          <property name="System/FileSize" value="5044114"/>
        </meta>
      </photo>
    </camera>
    <camera camera_id="3">
      <photo path="../../../IMG_1674.JPG">
        <meta>
          <property name="Exif/ApertureValue" value="4.375"/>
          <property name="Exif/DateTime" value="2015:09:07 10:27:42"/>
          <property name="Exif/DateTimeOriginal" value="2015:09:07 10:27:42"/>
          <property name="Exif/ExposureTime" value="0.025"/>
          <property name="Exif/FNumber" value="4.5"/>
          <property name="Exif/FocalLength" value="29"/>
          <property name="Exif/FocalPlaneXResolution" value="225.518771479532"/>
          <property name="Exif/FocalPlaneYResolution" value="228.67729769073"/>
          <property name="Exif/ISOSpeedRatings" value="400"/>
          <property name="Exif/Make" value="Canon"/>
          <property name="Exif/Model" value="Canon EOS 600D"/>
          <property name="Exif/Orientation" value="1"/>
          <property name="Exif/ShutterSpeedValue" value="5.375"/>
          <property name="File/ImageHeight" value="3456"/>
          <property name="File/ImageWidth" value="5184"/>
          <property name="System/FileModifyDate" value="2015:11:11 12:12:04"/>
          <property name="System/FileSize" value="5042764"/>
        </meta>
      </photo>
    </camera>
    <camera camera_id="4">
      <photo path="../../../IMG_1675.JPG">
        <meta>
          <property name="Exif/ApertureValue" value="4.375"/>
          <property name="Exif/DateTime" value="2015:09:07 10:27:48"/>
          <property name="Exif/DateTimeOriginal" value="2015:09:07 10:27:48"/>
          <property name="Exif/ExposureTime" value="0.025"/>
          <property name="Exif/FNumber" value="4.5"/>
          <property name="Exif/FocalLength" value="29"/>
          <property name="Exif/FocalPlaneXResolution" value="225.518771479532"/>
          <property name="Exif/FocalPlaneYResolution" value="228.67729769073"/>
          <property name="Exif/ISOSpeedRatings" value="400"/>
          <property name="Exif/Make" value="Canon"/>
          <property name="Exif/Model" value="Canon EOS 600D"/>
          <property name="Exif/Orientation" value="1"/>
          <property name="Exif/ShutterSpeedValue" value="5.375"/>
          <property name="File/ImageHeight" value="3456"/>
          <property name="File/ImageWidth" value="5184"/>
          <property name="System/FileModifyDate" value="2015:11:11 12:12:06"/>
          <property name="System/FileSize" value="5044821"/>
        </meta>
      </photo>
    </camera>
    <camera camera_id="5">
      <photo path="../../../IMG_1676.JPG">
        <meta>
          <property name="Exif/ApertureValue" value="4.375"/>
          <property name="Exif/DateTime" value="2015:09:07 10:27:54"/>
          <property name="Exif/DateTimeOriginal" value="2015:09:07 10:27:54"/>
          <property name="Exif/ExposureTime" value="0.02"/>
          <property name="Exif/FNumber" value="4.5"/>
          <property name="Exif/FocalLength" value="29"/>
          <property name="Exif/FocalPlaneXResolution" value="225.518771479532"/>
          <property name="Exif/FocalPlaneYResolution" value="228.67729769073"/>
          <property name="Exif/ISOSpeedRatings" value="400"/>
          <property name="Exif/Make" value="Canon"/>
          <property name="Exif/Model" value="Canon EOS 600D"/>
          <property name="Exif/Orientation" value="1"/>
          <property name="Exif/ShutterSpeedValue" value="5.625"/>
          <property name="File/ImageHeight" value="3456"/>
          <property name="File/ImageWidth" value="5184"/>
          <property name="System/FileModifyDate" value="2015:11:11 12:12:09"/>
          <property name="System/FileSize" value="5068381"/>
        </meta>
      </photo>
    </camera>
    <camera camera_id="6">
      <photo path="../../../IMG_1677.JPG">
        <meta>
          <property name="Exif/ApertureValue" value="4.375"/>
          <property name="Exif/DateTime" value="2015:09:07 10:28:00"/>
          <property name="Exif/DateTimeOriginal" value="2015:09:07 10:28:00"/>
          <property name="Exif/ExposureTime" value="0.02"/>
          <property name="Exif/FNumber" value="4.5"/>
          <property name="Exif/FocalLength" value="29"/>
          <property name="Exif/FocalPlaneXResolution" value="225.518771479532"/>
          <property name="Exif/FocalPlaneYResolution" value="228.67729769073"/>
          <property name="Exif/ISOSpeedRatings" value="400"/>
          <property name="Exif/Make" value="Canon"/>
          <property name="Exif/Model" value="Canon EOS 600D"/>
          <property name="Exif/Orientation" value="1"/>
          <property name="Exif/ShutterSpeedValue" value="5.625"/>
          <property name="File/ImageHeight" value="3456"/>
          <property name="File/ImageWidth" value="5184"/>
          <property name="System/FileModifyDate" value="2015:11:11 12:12:11"/>
          <property name="System/FileSize" value="5099381"/>
        </meta>
      </photo>
    </camera>
    <camera camera_id="7">
      <photo path="../../../IMG_1678.JPG">
        <meta>
          <property name="Exif/ApertureValue" value="4.375"/>
          <property name="Exif/DateTime" value="2015:09:07 10:28:07"/>
          <property name="Exif/DateTimeOriginal" value="2015:09:07 10:28:07"/>
          <property name="Exif/ExposureTime" value="0.02"/>
          <property name="Exif/FNumber" value="4.5"/>
          <property name="Exif/FocalLength" value="29"/>
          <property name="Exif/FocalPlaneXResolution" value="225.518771479532"/>
          <property name="Exif/FocalPlaneYResolution" value="228.67729769073"/>
          <property name="Exif/ISOSpeedRatings" value="400"/>
          <property name="Exif/Make" value="Canon"/>
          <property name="Exif/Model" value="Canon EOS 600D"/>
          <property name="Exif/Orientation" value="1"/>
          <property name="Exif/ShutterSpeedValue" value="5.625"/>
          <property name="File/ImageHeight" value="3456"/>
          <property name="File/ImageWidth" value="5184"/>
          <property name="System/FileModifyDate" value="2015:11:11 12:12:14"/>
          <property name="System/FileSize" value="5118939"/>
        </meta>
      </photo>
    </camera>
    <camera camera_id="8">
      <photo path="../../../IMG_1679.JPG">
        <meta>
          <property name="Exif/ApertureValue" value="4.375"/>
          <property name="Exif/DateTime" value="2015:09:07 10:28:13"/>
          <property name="Exif/DateTimeOriginal" value="2015:09:07 10:28:13"/>
          <property name="Exif/ExposureTime" value="0.025"/>
          <property name="Exif/FNumber" value="4.5"/>
          <property name="Exif/FocalLength" value="29"/>
          <property name="Exif/FocalPlaneXResolution" value="225.518771479532"/>
          <property name="Exif/FocalPlaneYResolution" value="228.67729769073"/>
          <property name="Exif/ISOSpeedRatings" value="320"/>
          <property name="Exif/Make" value="Canon"/>
          <property name="Exif/Model" value="Canon EOS 600D"/>
          <property name="Exif/Orientation" value="1"/>
          <property name="Exif/ShutterSpeedValue" value="5.375"/>
          <property name="File/ImageHeight" value="3456"/>
          <property name="File/ImageWidth" value="5184"/>
          <property name="System/FileModifyDate" value="2015:11:11 12:12:17"/>
          <property name="System/FileSize" value="5114979"/>
        </meta>
      </photo>
    </camera>
    <camera camera_id="9">
      <photo path="../../../IMG_1680.JPG">
        <meta>
          <property name="Exif/ApertureValue" value="4.375"/>
          <property name="Exif/DateTime" value="2015:09:07 10:28:19"/>
          <property name="Exif/DateTimeOriginal" value="2015:09:07 10:28:19"/>
          <property name="Exif/ExposureTime" value="0.02"/>
          <property name="Exif/FNumber" value="4.5"/>
          <property name="Exif/FocalLength" value="29"/>
          <property name="Exif/FocalPlaneXResolution" value="225.518771479532"/>
          <property name="Exif/FocalPlaneYResolution" value="228.67729769073"/>
          <property name="Exif/ISOSpeedRatings" value="400"/>
          <property name="Exif/Make" value="Canon"/>
          <property name="Exif/Model" value="Canon EOS 600D"/>
          <property name="Exif/Orientation" value="1"/>
          <property name="Exif/ShutterSpeedValue" value="5.625"/>
          <property name="File/ImageHeight" value="3456"/>
          <property name="File/ImageWidth" value="5184"/>
          <property name="System/FileModifyDate" value="2015:11:11 12:12:19"/>
          <property name="System/FileSize" value="5117557"/>
        </meta>
      </photo>
    </camera>
    <camera camera_id="10">
      <photo path="../../../IMG_1681.JPG">
        <meta>
          <property name="Exif/ApertureValue" value="4.375"/>
          <property name="Exif/DateTime" value="2015:09:07 10:28:24"/>
          <property name="Exif/DateTimeOriginal" value="2015:09:07 10:28:24"/>
          <property name="Exif/ExposureTime" value="0.025"/>
          <property name="Exif/FNumber" value="4.5"/>
          <property name="Exif/FocalLength" value="29"/>
          <property name="Exif/FocalPlaneXResolution" value="225.518771479532"/>
          <property name="Exif/FocalPlaneYResolution" value="228.67729769073"/>
          <property name="Exif/ISOSpeedRatings" value="400"/>
          <property name="Exif/Make" value="Canon"/>
          <property name="Exif/Model" value="Canon EOS 600D"/>
          <property name="Exif/Orientation" value="1"/>
          <property name="Exif/ShutterSpeedValue" value="5.375"/>
          <property name="File/ImageHeight" value="3456"/>
          <property name="File/ImageWidth" value="5184"/>
          <property name="System/FileModifyDate" value="2015:11:11 12:12:21"/>
          <property name="System/FileSize" value="5061134"/>
        </meta>
      </photo>
    </camera>
    <camera camera_id="11">
      <photo path="../../../IMG_1682.JPG">
        <meta>
          <property name="Exif/ApertureValue" value="4.375"/>
          <property name="Exif/DateTime" value="2015:09:07 10:28:30"/>
          <property name="Exif/DateTimeOriginal" value="2015:09:07 10:28:30"/>
          <property name="Exif/ExposureTime" value="0.02"/>
          <property name="Exif/FNumber" value="4.5"/>
          <property name="Exif/FocalLength" value="29"/>
          <property name="Exif/FocalPlaneXResolution" value="225.518771479532"/>
          <property name="Exif/FocalPlaneYResolution" value="228.67729769073"/>
          <property name="Exif/ISOSpeedRatings" value="400"/>
          <property name="Exif/Make" value="Canon"/>
          <property name="Exif/Model" value="Canon EOS 600D"/>
          <property name="Exif/Orientation" value="1"/>
          <property name="Exif/ShutterSpeedValue" value="5.625"/>
          <property name="File/ImageHeight" value="3456"/>
          <property name="File/ImageWidth" value="5184"/>
          <property name="System/FileModifyDate" value="2015:11:11 12:12:23"/>
          <property name="System/FileSize" value="5089784"/>
        </meta>
      </photo>
    </camera>
    <camera camera_id="12">
      <photo path="../../../IMG_1683.JPG">
        <meta>
          <property name="Exif/ApertureValue" value="4.375"/>
          <property name="Exif/DateTime" value="2015:09:07 10:28:35"/>
          <property name="Exif/DateTimeOriginal" value="2015:09:07 10:28:35"/>
          <property name="Exif/ExposureTime" value="0.02"/>
          <property name="Exif/FNumber" value="4.5"/>
          <property name="Exif/FocalLength" value="29"/>
          <property name="Exif/FocalPlaneXResolution" value="225.518771479532"/>
          <property name="Exif/FocalPlaneYResolution" value="228.67729769073"/>
          <property name="Exif/ISOSpeedRatings" value="400"/>
          <property name="Exif/Make" value="Canon"/>
          <property name="Exif/Model" value="Canon EOS 600D"/>
          <property name="Exif/Orientation" value="1"/>
          <property name="Exif/ShutterSpeedValue" value="5.625"/>
          <property name="File/ImageHeight" value="3456"/>
          <property name="File/ImageWidth" value="5184"/>
          <property name="System/FileModifyDate" value="2015:11:11 12:12:25"/>
          <property name="System/FileSize" value="5063179"/>
        </meta>
      </photo>
    </camera>
    <camera camera_id="13">
      <photo path="../../../IMG_1684.JPG">
        <meta>
          <property name="Exif/ApertureValue" value="4.375"/>
          <property name="Exif/DateTime" value="2015:09:07 10:28:40"/>
          <property name="Exif/DateTimeOriginal" value="2015:09:07 10:28:40"/>
          <property name="Exif/ExposureTime" value="0.02"/>
          <property name="Exif/FNumber" value="4.5"/>
          <property name="Exif/FocalLength" value="29"/>
          <property name="Exif/FocalPlaneXResolution" value="225.518771479532"/>
          <property name="Exif/FocalPlaneYResolution" value="228.67729769073"/>
          <property name="Exif/ISOSpeedRatings" value="400"/>
          <property name="Exif/Make" value="Canon"/>
          <property name="Exif/Model" value="Canon EOS 600D"/>
          <property name="Exif/Orientation" value="1"/>
          <property name="Exif/ShutterSpeedValue" value="5.625"/>
          <property name="File/ImageHeight" value="3456"/>
          <property name="File/ImageWidth" value="5184"/>
          <property name="System/FileModifyDate" value="2015:11:11 12:12:27"/>
          <property name="System/FileSize" value="5057373"/>
        </meta>
      </photo>
    </camera>
    <camera camera_id="14">
      <photo path="../../../IMG_1685.JPG">
        <meta>
          <property name="Exif/ApertureValue" value="4.375"/>
          <property name="Exif/DateTime" value="2015:09:07 10:28:46"/>
          <property name="Exif/DateTimeOriginal" value="2015:09:07 10:28:46"/>
          <property name="Exif/ExposureTime" value="0.02"/>
          <property name="Exif/FNumber" value="4.5"/>
          <property name="Exif/FocalLength" value="29"/>
          <property name="Exif/FocalPlaneXResolution" value="225.518771479532"/>
          <property name="Exif/FocalPlaneYResolution" value="228.67729769073"/>
          <property name="Exif/ISOSpeedRatings" value="400"/>
          <property name="Exif/Make" value="Canon"/>
          <property name="Exif/Model" value="Canon EOS 600D"/>
          <property name="Exif/Orientation" value="1"/>
          <property name="Exif/ShutterSpeedValue" value="5.625"/>
          <property name="File/ImageHeight" value="3456"/>
          <property name="File/ImageWidth" value="5184"/>
          <property name="System/FileModifyDate" value="2015:11:11 12:12:29"/>
          <property name="System/FileSize" value="5041982"/>
        </meta>
      </photo>
    </camera>
    <camera camera_id="15">
      <photo path="../../../IMG_1686.JPG">
        <meta>
          <property name="Exif/ApertureValue" value="4.375"/>
          <property name="Exif/DateTime" value="2015:09:07 10:28:51"/>
          <property name="Exif/DateTimeOriginal" value="2015:09:07 10:28:51"/>
          <property name="Exif/ExposureTime" value="0.02"/>
          <property name="Exif/FNumber" value="4.5"/>
          <property name="Exif/FocalLength" value="29"/>
          <property name="Exif/FocalPlaneXResolution" value="225.518771479532"/>
          <property name="Exif/FocalPlaneYResolution" value="228.67729769073"/>
          <property name="Exif/ISOSpeedRatings" value="400"/>
          <property name="Exif/Make" value="Canon"/>
          <property name="Exif/Model" value="Canon EOS 600D"/>
          <property name="Exif/Orientation" value="1"/>
          <property name="Exif/ShutterSpeedValue" value="5.625"/>
          <property name="File/ImageHeight" value="3456"/>
          <property name="File/ImageWidth" value="5184"/>
          <property name="System/FileModifyDate" value="2015:11:11 12:12:31"/>
          <property name="System/FileSize" value="5047024"/>
        </meta>
      </photo>
    </camera>
    <camera camera_id="16">
      <photo path="../../../IMG_1687.JPG">
        <meta>
          <property name="Exif/ApertureValue" value="4.375"/>
          <property name="Exif/DateTime" value="2015:09:07 10:28:57"/>
          <property name="Exif/DateTimeOriginal" value="2015:09:07 10:28:57"/>
          <property name="Exif/ExposureTime" value="0.02"/>
          <property name="Exif/FNumber" value="4.5"/>
          <property name="Exif/FocalLength" value="29"/>
          <property name="Exif/FocalPlaneXResolution" value="225.518771479532"/>
          <property name="Exif/FocalPlaneYResolution" value="228.67729769073"/>
          <property name="Exif/ISOSpeedRatings" value="400"/>
          <property name="Exif/Make" value="Canon"/>
          <property name="Exif/Model" value="Canon EOS 600D"/>
          <property name="Exif/Orientation" value="1"/>
          <property name="Exif/ShutterSpeedValue" value="5.625"/>
          <property name="File/ImageHeight" value="3456"/>
          <property name="File/ImageWidth" value="5184"/>
          <property name="System/FileModifyDate" value="2015:11:11 12:12:33"/>
          <property name="System/FileSize" value="5049700"/>
        </meta>
      </photo>
    </camera>
    <camera camera_id="17">
      <photo path="../../../IMG_1688.JPG">
        <meta>
          <property name="Exif/ApertureValue" value="4.375"/>
          <property name="Exif/DateTime" value="2015:09:07 10:29:02"/>
          <property name="Exif/DateTimeOriginal" value="2015:09:07 10:29:02"/>
          <property name="Exif/ExposureTime" value="0.02"/>
          <property name="Exif/FNumber" value="4.5"/>
          <property name="Exif/FocalLength" value="29"/>
          <property name="Exif/FocalPlaneXResolution" value="225.518771479532"/>
          <property name="Exif/FocalPlaneYResolution" value="228.67729769073"/>
          <property name="Exif/ISOSpeedRatings" value="400"/>
          <property name="Exif/Make" value="Canon"/>
          <property name="Exif/Model" value="Canon EOS 600D"/>
          <property name="Exif/Orientation" value="1"/>
          <property name="Exif/ShutterSpeedValue" value="5.625"/>
          <property name="File/ImageHeight" value="3456"/>
          <property name="File/ImageWidth" value="5184"/>
          <property name="System/FileModifyDate" value="2015:11:11 12:12:37"/>
          <property name="System/FileSize" value="5070014"/>
        </meta>
      </photo>
    </camera>
    <camera camera_id="18">
      <photo path="../../../IMG_1689.JPG">
        <meta>
          <property name="Exif/ApertureValue" value="4.375"/>
          <property name="Exif/DateTime" value="2015:09:07 10:29:10"/>
          <property name="Exif/DateTimeOriginal" value="2015:09:07 10:29:10"/>
          <property name="Exif/ExposureTime" value="0.02"/>
          <property name="Exif/FNumber" value="4.5"/>
          <property name="Exif/FocalLength" value="29"/>
          <property name="Exif/FocalPlaneXResolution" value="225.518771479532"/>
          <property name="Exif/FocalPlaneYResolution" value="228.67729769073"/>
          <property name="Exif/ISOSpeedRatings" value="400"/>
          <property name="Exif/Make" value="Canon"/>
          <property name="Exif/Model" value="Canon EOS 600D"/>
          <property name="Exif/Orientation" value="1"/>
          <property name="Exif/ShutterSpeedValue" value="5.625"/>
          <property name="File/ImageHeight" value="3456"/>
          <property name="File/ImageWidth" value="5184"/>
          <property name="System/FileModifyDate" value="2015:11:11 12:12:39"/>
          <property name="System/FileSize" value="5055316"/>
        </meta>
      </photo>
    </camera>
    <camera camera_id="19">
      <photo path="../../../IMG_1690.JPG">
        <meta>
          <property name="Exif/ApertureValue" value="4.375"/>
          <property name="Exif/DateTime" value="2015:09:07 10:29:16"/>
          <property name="Exif/DateTimeOriginal" value="2015:09:07 10:29:16"/>
          <property name="Exif/ExposureTime" value="0.025"/>
          <property name="Exif/FNumber" value="4.5"/>
          <property name="Exif/FocalLength" value="29"/>
          <property name="Exif/FocalPlaneXResolution" value="225.518771479532"/>
          <property name="Exif/FocalPlaneYResolution" value="228.67729769073"/>
          <property name="Exif/ISOSpeedRatings" value="400"/>
          <property name="Exif/Make" value="Canon"/>
          <property name="Exif/Model" value="Canon EOS 600D"/>
          <property name="Exif/Orientation" value="1"/>
          <property name="Exif/ShutterSpeedValue" value="5.375"/>
          <property name="File/ImageHeight" value="3456"/>
          <property name="File/ImageWidth" value="5184"/>
          <property name="System/FileModifyDate" value="2015:11:11 12:12:41"/>
          <property name="System/FileSize" value="5022993"/>
        </meta>
      </photo>
    </camera>
    <camera camera_id="20">
      <photo path="../../../IMG_1710.JPG">
        <meta>
          <property name="Exif/ApertureValue" value="4.375"/>
          <property name="Exif/DateTime" value="2015:09:07 10:32:42"/>
          <property name="Exif/DateTimeOriginal" value="2015:09:07 10:32:42"/>
          <property name="Exif/ExposureTime" value="0.02"/>
          <property name="Exif/FNumber" value="4.5"/>
          <property name="Exif/FocalLength" value="29"/>
          <property name="Exif/FocalPlaneXResolution" value="225.518771479532"/>
          <property name="Exif/FocalPlaneYResolution" value="228.67729769073"/>
          <property name="Exif/ISOSpeedRatings" value="400"/>
          <property name="Exif/Make" value="Canon"/>
          <property name="Exif/Model" value="Canon EOS 600D"/>
          <property name="Exif/Orientation" value="1"/>
          <property name="Exif/ShutterSpeedValue" value="5.625"/>
          <property name="File/ImageHeight" value="3456"/>
          <property name="File/ImageWidth" value="5184"/>
          <property name="System/FileModifyDate" value="2015:11:11 12:13:22"/>
          <property name="System/FileSize" value="4550747"/>
        </meta>
      </photo>
    </camera>
    <camera camera_id="21">
      <photo path="../../../IMG_1711.JPG">
        <meta>
          <property name="Exif/ApertureValue" value="4.375"/>
          <property name="Exif/DateTime" value="2015:09:07 10:32:48"/>
          <property name="Exif/DateTimeOriginal" value="2015:09:07 10:32:48"/>
          <property name="Exif/ExposureTime" value="0.02"/>
          <property name="Exif/FNumber" value="4.5"/>
          <property name="Exif/FocalLength" value="29"/>
          <property name="Exif/FocalPlaneXResolution" value="225.518771479532"/>
          <property name="Exif/FocalPlaneYResolution" value="228.67729769073"/>
          <property name="Exif/ISOSpeedRatings" value="400"/>
          <property name="Exif/Make" value="Canon"/>
          <property name="Exif/Model" value="Canon EOS 600D"/>
          <property name="Exif/Orientation" value="1"/>
          <property name="Exif/ShutterSpeedValue" value="5.625"/>
          <property name="File/ImageHeight" value="3456"/>
          <property name="File/ImageWidth" value="5184"/>
          <property name="System/FileModifyDate" value="2015:11:11 12:13:24"/>
          <property name="System/FileSize" value="4506825"/>
        </meta>
      </photo>
    </camera>
    <camera camera_id="22">
      <photo path="../../../IMG_1712.JPG">
        <meta>
          <property name="Exif/ApertureValue" value="4.375"/>
          <property name="Exif/DateTime" value="2015:09:07 10:32:53"/>
          <property name="Exif/DateTimeOriginal" value="2015:09:07 10:32:53"/>
          <property name="Exif/ExposureTime" value="0.02"/>
          <property name="Exif/FNumber" value="4.5"/>
          <property name="Exif/FocalLength" value="29"/>
          <property name="Exif/FocalPlaneXResolution" value="225.518771479532"/>
          <property name="Exif/FocalPlaneYResolution" value="228.67729769073"/>
          <property name="Exif/ISOSpeedRatings" value="400"/>
          <property name="Exif/Make" value="Canon"/>
          <property name="Exif/Model" value="Canon EOS 600D"/>
          <property name="Exif/Orientation" value="1"/>
          <property name="Exif/ShutterSpeedValue" value="5.625"/>
          <property name="File/ImageHeight" value="3456"/>
          <property name="File/ImageWidth" value="5184"/>
          <property name="System/FileModifyDate" value="2015:11:11 12:13:26"/>
          <property name="System/FileSize" value="4528042"/>
        </meta>
      </photo>
    </camera>
    <camera camera_id="23">
      <photo path="../../../IMG_1713.JPG">
        <meta>
          <property name="Exif/ApertureValue" value="4.375"/>
          <property name="Exif/DateTime" value="2015:09:07 10:32:58"/>
          <property name="Exif/DateTimeOriginal" value="2015:09:07 10:32:58"/>
          <property name="Exif/ExposureTime" value="0.02"/>
          <property name="Exif/FNumber" value="4.5"/>
          <property name="Exif/FocalLength" value="29"/>
          <property name="Exif/FocalPlaneXResolution" value="225.518771479532"/>
          <property name="Exif/FocalPlaneYResolution" value="228.67729769073"/>
          <property name="Exif/ISOSpeedRatings" value="400"/>
          <property name="Exif/Make" value="Canon"/>
          <property name="Exif/Model" value="Canon EOS 600D"/>
          <property name="Exif/Orientation" value="1"/>
          <property name="Exif/ShutterSpeedValue" value="5.625"/>
          <property name="File/ImageHeight" value="3456"/>
          <property name="File/ImageWidth" value="5184"/>
          <property name="System/FileModifyDate" value="2015:11:11 12:13:28"/>
          <property name="System/FileSize" value="4497037"/>
        </meta>
      </photo>
    </camera>
    <camera camera_id="24">
      <photo path="../../../IMG_1714.JPG">
        <meta>
          <property name="Exif/ApertureValue" value="4.375"/>
          <property name="Exif/DateTime" value="2015:09:07 10:33:04"/>
          <property name="Exif/DateTimeOriginal" value="2015:09:07 10:33:04"/>
          <property name="Exif/ExposureTime" value="0.02"/>
          <property name="Exif/FNumber" value="4.5"/>
          <property name="Exif/FocalLength" value="29"/>
          <property name="Exif/FocalPlaneXResolution" value="225.518771479532"/>
          <property name="Exif/FocalPlaneYResolution" value="228.67729769073"/>
          <property name="Exif/ISOSpeedRatings" value="400"/>
          <property name="Exif/Make" value="Canon"/>
          <property name="Exif/Model" value="Canon EOS 600D"/>
          <property name="Exif/Orientation" value="1"/>
          <property name="Exif/ShutterSpeedValue" value="5.625"/>
          <property name="File/ImageHeight" value="3456"/>
          <property name="File/ImageWidth" value="5184"/>
          <property name="System/FileModifyDate" value="2015:11:11 12:13:31"/>
          <property name="System/FileSize" value="4555612"/>
        </meta>
      </photo>
    </camera>
    <camera camera_id="25">
      <photo path="../../../IMG_1715.JPG">
        <meta>
          <property name="Exif/ApertureValue" value="4.375"/>
          <property name="Exif/DateTime" value="2015:09:07 10:33:11"/>
          <property name="Exif/DateTimeOriginal" value="2015:09:07 10:33:11"/>
          <property name="Exif/ExposureTime" value="0.02"/>
          <property name="Exif/FNumber" value="4.5"/>
          <property name="Exif/FocalLength" value="29"/>
          <property name="Exif/FocalPlaneXResolution" value="225.518771479532"/>
          <property name="Exif/FocalPlaneYResolution" value="228.67729769073"/>
          <property name="Exif/ISOSpeedRatings" value="400"/>
          <property name="Exif/Make" value="Canon"/>
          <property name="Exif/Model" value="Canon EOS 600D"/>
          <property name="Exif/Orientation" value="1"/>
          <property name="Exif/ShutterSpeedValue" value="5.625"/>
          <property name="File/ImageHeight" value="3456"/>
          <property name="File/ImageWidth" value="5184"/>
          <property name="System/FileModifyDate" value="2015:11:11 12:13:33"/>
          <property name="System/FileSize" value="4517665"/>
        </meta>
      </photo>
    </camera>
    <camera camera_id="26">
      <photo path="../../../IMG_1716.JPG">
        <meta>
          <property name="Exif/ApertureValue" value="4.375"/>
          <property name="Exif/DateTime" value="2015:09:07 10:33:16"/>
          <property name="Exif/DateTimeOriginal" value="2015:09:07 10:33:16"/>
          <property name="Exif/ExposureTime" value="0.02"/>
          <property name="Exif/FNumber" value="4.5"/>
          <property name="Exif/FocalLength" value="29"/>
          <property name="Exif/FocalPlaneXResolution" value="225.518771479532"/>
          <property name="Exif/FocalPlaneYResolution" value="228.67729769073"/>
          <property name="Exif/ISOSpeedRatings" value="400"/>
          <property name="Exif/Make" value="Canon"/>
          <property name="Exif/Model" value="Canon EOS 600D"/>
          <property name="Exif/Orientation" value="1"/>
          <property name="Exif/ShutterSpeedValue" value="5.625"/>
          <property name="File/ImageHeight" value="3456"/>
          <property name="File/ImageWidth" value="5184"/>
          <property name="System/FileModifyDate" value="2015:11:11 12:13:35"/>
          <property name="System/FileSize" value="4567474"/>
        </meta>
      </photo>
    </camera>
    <camera camera_id="27">
      <photo path="../../../IMG_1717.JPG">
        <meta>
          <property name="Exif/ApertureValue" value="4.375"/>
          <property name="Exif/DateTime" value="2015:09:07 10:33:23"/>
          <property name="Exif/DateTimeOriginal" value="2015:09:07 10:33:23"/>
          <property name="Exif/ExposureTime" value="0.02"/>
          <property name="Exif/FNumber" value="4.5"/>
          <property name="Exif/FocalLength" value="29"/>
          <property name="Exif/FocalPlaneXResolution" value="225.518771479532"/>
          <property name="Exif/FocalPlaneYResolution" value="228.67729769073"/>
          <property name="Exif/ISOSpeedRatings" value="400"/>
          <property name="Exif/Make" value="Canon"/>
          <property name="Exif/Model" value="Canon EOS 600D"/>
          <property name="Exif/Orientation" value="1"/>
          <property name="Exif/ShutterSpeedValue" value="5.625"/>
          <property name="File/ImageHeight" value="3456"/>
          <property name="File/ImageWidth" value="5184"/>
          <property name="System/FileModifyDate" value="2015:11:11 12:13:36"/>
          <property name="System/FileSize" value="4483117"/>
        </meta>
      </photo>
    </camera>
    <camera camera_id="28">
      <photo path="../../../IMG_1718.JPG">
        <meta>
          <property name="Exif/ApertureValue" value="4.375"/>
          <property name="Exif/DateTime" value="2015:09:07 10:33:28"/>
          <property name="Exif/DateTimeOriginal" value="2015:09:07 10:33:28"/>
          <property name="Exif/ExposureTime" value="0.02"/>
          <property name="Exif/FNumber" value="4.5"/>
          <property name="Exif/FocalLength" value="29"/>
          <property name="Exif/FocalPlaneXResolution" value="225.518771479532"/>
          <property name="Exif/FocalPlaneYResolution" value="228.67729769073"/>
          <property name="Exif/ISOSpeedRatings" value="400"/>
          <property name="Exif/Make" value="Canon"/>
          <property name="Exif/Model" value="Canon EOS 600D"/>
          <property name="Exif/Orientation" value="1"/>
          <property name="Exif/ShutterSpeedValue" value="5.625"/>
          <property name="File/ImageHeight" value="3456"/>
          <property name="File/ImageWidth" value="5184"/>
          <property name="System/FileModifyDate" value="2015:11:11 12:13:38"/>
          <property name="System/FileSize" value="4471712"/>
        </meta>
      </photo>
    </camera>
    <camera camera_id="29">
      <photo path="../../../IMG_1719.JPG">
        <meta>
          <property name="Exif/ApertureValue" value="4.375"/>
          <property name="Exif/DateTime" value="2015:09:07 10:33:33"/>
          <property name="Exif/DateTimeOriginal" value="2015:09:07 10:33:33"/>
          <property name="Exif/ExposureTime" value="0.02"/>
          <property name="Exif/FNumber" value="4.5"/>
          <property name="Exif/FocalLength" value="29"/>
          <property name="Exif/FocalPlaneXResolution" value="225.518771479532"/>
          <property name="Exif/FocalPlaneYResolution" value="228.67729769073"/>
          <property name="Exif/ISOSpeedRatings" value="400"/>
          <property name="Exif/Make" value="Canon"/>
          <property name="Exif/Model" value="Canon EOS 600D"/>
          <property name="Exif/Orientation" value="1"/>
          <property name="Exif/ShutterSpeedValue" value="5.625"/>
          <property name="File/ImageHeight" value="3456"/>
          <property name="File/ImageWidth" value="5184"/>
          <property name="System/FileModifyDate" value="2015:11:11 12:13:41"/>
          <property name="System/FileSize" value="4524943"/>
        </meta>
      </photo>
    </camera>
    <camera camera_id="30">
      <photo path="../../../IMG_1720.JPG">
        <meta>
          <property name="Exif/ApertureValue" value="4.375"/>
          <property name="Exif/DateTime" value="2015:09:07 10:33:38"/>
          <property name="Exif/DateTimeOriginal" value="2015:09:07 10:33:38"/>
          <property name="Exif/ExposureTime" value="0.02"/>
          <property name="Exif/FNumber" value="4.5"/>
          <property name="Exif/FocalLength" value="29"/>
          <property name="Exif/FocalPlaneXResolution" value="225.518771479532"/>
          <property name="Exif/FocalPlaneYResolution" value="228.67729769073"/>
          <property name="Exif/ISOSpeedRatings" value="400"/>
          <property name="Exif/Make" value="Canon"/>
          <property name="Exif/Model" value="Canon EOS 600D"/>
          <property name="Exif/Orientation" value="1"/>
          <property name="Exif/ShutterSpeedValue" value="5.625"/>
          <property name="File/ImageHeight" value="3456"/>
          <property name="File/ImageWidth" value="5184"/>
          <property name="System/FileModifyDate" value="2015:11:11 12:13:43"/>
          <property name="System/FileSize" value="4552266"/>
        </meta>
      </photo>
    </camera>
    <camera camera_id="31">
      <photo path="../../../IMG_1721.JPG">
        <meta>
          <property name="Exif/ApertureValue" value="4.375"/>
          <property name="Exif/DateTime" value="2015:09:07 10:33:44"/>
          <property name="Exif/DateTimeOriginal" value="2015:09:07 10:33:44"/>
          <property name="Exif/ExposureTime" value="0.02"/>
          <property name="Exif/FNumber" value="4.5"/>
          <property name="Exif/FocalLength" value="29"/>
          <property name="Exif/FocalPlaneXResolution" value="225.518771479532"/>
          <property name="Exif/FocalPlaneYResolution" value="228.67729769073"/>
          <property name="Exif/ISOSpeedRatings" value="400"/>
          <property name="Exif/Make" value="Canon"/>
          <property name="Exif/Model" value="Canon EOS 600D"/>
          <property name="Exif/Orientation" value="1"/>
          <property name="Exif/ShutterSpeedValue" value="5.625"/>
          <property name="File/ImageHeight" value="3456"/>
          <property name="File/ImageWidth" value="5184"/>
          <property name="System/FileModifyDate" value="2015:11:11 12:13:45"/>
          <property name="System/FileSize" value="4495016"/>
        </meta>
      </photo>
    </camera>
    <camera camera_id="32">
      <photo path="../../../IMG_1722.JPG">
        <meta>
          <property name="Exif/ApertureValue" value="4.375"/>
          <property name="Exif/DateTime" value="2015:09:07 10:33:49"/>
          <property name="Exif/DateTimeOriginal" value="2015:09:07 10:33:49"/>
          <property name="Exif/ExposureTime" value="0.02"/>
          <property name="Exif/FNumber" value="4.5"/>
          <property name="Exif/FocalLength" value="29"/>
          <property name="Exif/FocalPlaneXResolution" value="225.518771479532"/>
          <property name="Exif/FocalPlaneYResolution" value="228.67729769073"/>
          <property name="Exif/ISOSpeedRatings" value="400"/>
          <property name="Exif/Make" value="Canon"/>
          <property name="Exif/Model" value="Canon EOS 600D"/>
          <property name="Exif/Orientation" value="1"/>
          <property name="Exif/ShutterSpeedValue" value="5.625"/>
          <property name="File/ImageHeight" value="3456"/>
          <property name="File/ImageWidth" value="5184"/>
          <property name="System/FileModifyDate" value="2015:11:11 12:13:46"/>
          <property name="System/FileSize" value="4527154"/>
        </meta>
      </photo>
    </camera>
    <camera camera_id="33">
      <photo path="../../../IMG_1723.JPG">
        <meta>
          <property name="Exif/ApertureValue" value="4.375"/>
          <property name="Exif/DateTime" value="2015:09:07 10:33:54"/>
          <property name="Exif/DateTimeOriginal" value="2015:09:07 10:33:54"/>
          <property name="Exif/ExposureTime" value="0.02"/>
          <property name="Exif/FNumber" value="4.5"/>
          <property name="Exif/FocalLength" value="29"/>
          <property name="Exif/FocalPlaneXResolution" value="225.518771479532"/>
          <property name="Exif/FocalPlaneYResolution" value="228.67729769073"/>
          <property name="Exif/ISOSpeedRatings" value="400"/>
          <property name="Exif/Make" value="Canon"/>
          <property name="Exif/Model" value="Canon EOS 600D"/>
          <property name="Exif/Orientation" value="1"/>
          <property name="Exif/ShutterSpeedValue" value="5.625"/>
          <property name="File/ImageHeight" value="3456"/>
          <property name="File/ImageWidth" value="5184"/>
          <property name="System/FileModifyDate" value="2015:11:11 12:13:48"/>
          <property name="System/FileSize" value="4565159"/>
        </meta>
      </photo>
    </camera>
    <camera camera_id="34">
      <photo path="../../../IMG_1724.JPG">
        <meta>
          <property name="Exif/ApertureValue" value="3.625"/>
          <property name="Exif/DateTime" value="2015:09:07 12:47:54"/>
          <property name="Exif/DateTimeOriginal" value="2015:09:07 12:47:54"/>
          <property name="Exif/ExposureTime" value="0.025"/>
          <property name="Exif/FNumber" value="3.5"/>
          <property name="Exif/FocalLength" value="18"/>
          <property name="Exif/FocalPlaneXResolution" value="225.518771479532"/>
          <property name="Exif/FocalPlaneYResolution" value="228.67729769073"/>
          <property name="Exif/ISOSpeedRatings" value="500"/>
          <property name="Exif/Make" value="Canon"/>
          <property name="Exif/Model" value="Canon EOS 600D"/>
          <property name="Exif/Orientation" value="1"/>
          <property name="Exif/ShutterSpeedValue" value="5.375"/>
          <property name="File/ImageHeight" value="3456"/>
          <property name="File/ImageWidth" value="5184"/>
          <property name="System/FileModifyDate" value="2015:11:11 12:13:50"/>
          <property name="System/FileSize" value="4630974"/>
        </meta>
      </photo>
    </camera>
    <camera camera_id="35">
      <photo path="../../../IMG_1725.JPG">
        <meta>
          <property name="Exif/ApertureValue" value="3.625"/>
          <property name="Exif/DateTime" value="2015:09:07 12:48:02"/>
          <property name="Exif/DateTimeOriginal" value="2015:09:07 12:48:02"/>
          <property name="Exif/ExposureTime" value="0.025"/>
          <property name="Exif/FNumber" value="3.5"/>
          <property name="Exif/FocalLength" value="18"/>
          <property name="Exif/FocalPlaneXResolution" value="225.518771479532"/>
          <property name="Exif/FocalPlaneYResolution" value="228.67729769073"/>
          <property name="Exif/ISOSpeedRatings" value="500"/>
          <property name="Exif/Make" value="Canon"/>
          <property name="Exif/Model" value="Canon EOS 600D"/>
          <property name="Exif/Orientation" value="1"/>
          <property name="Exif/ShutterSpeedValue" value="5.375"/>
          <property name="File/ImageHeight" value="3456"/>
          <property name="File/ImageWidth" value="5184"/>
          <property name="System/FileModifyDate" value="2015:11:11 12:13:52"/>
          <property name="System/FileSize" value="4595288"/>
        </meta>
      </photo>
    </camera>
    <camera camera_id="36">
      <photo path="../../../IMG_1726.JPG">
        <meta>
          <property name="Exif/ApertureValue" value="3.625"/>
          <property name="Exif/DateTime" value="2015:09:07 12:48:10"/>
          <property name="Exif/DateTimeOriginal" value="2015:09:07 12:48:10"/>
          <property name="Exif/ExposureTime" value="0.025"/>
          <property name="Exif/FNumber" value="3.5"/>
          <property name="Exif/FocalLength" value="18"/>
          <property name="Exif/FocalPlaneXResolution" value="225.518771479532"/>
          <property name="Exif/FocalPlaneYResolution" value="228.67729769073"/>
          <property name="Exif/ISOSpeedRatings" value="500"/>
          <property name="Exif/Make" value="Canon"/>
          <property name="Exif/Model" value="Canon EOS 600D"/>
          <property name="Exif/Orientation" value="1"/>
          <property name="Exif/ShutterSpeedValue" value="5.375"/>
          <property name="File/ImageHeight" value="3456"/>
          <property name="File/ImageWidth" value="5184"/>
          <property name="System/FileModifyDate" value="2015:11:11 12:13:54"/>
          <property name="System/FileSize" value="4520054"/>
        </meta>
      </photo>
    </camera>
    <camera camera_id="37">
      <photo path="../../../IMG_1727.JPG">
        <meta>
          <property name="Exif/ApertureValue" value="3.625"/>
          <property name="Exif/DateTime" value="2015:09:07 12:48:16"/>
          <property name="Exif/DateTimeOriginal" value="2015:09:07 12:48:16"/>
          <property name="Exif/ExposureTime" value="0.0333333333333333"/>
          <property name="Exif/FNumber" value="3.5"/>
          <property name="Exif/FocalLength" value="18"/>
          <property name="Exif/FocalPlaneXResolution" value="225.518771479532"/>
          <property name="Exif/FocalPlaneYResolution" value="228.67729769073"/>
          <property name="Exif/ISOSpeedRatings" value="500"/>
          <property name="Exif/Make" value="Canon"/>
          <property name="Exif/Model" value="Canon EOS 600D"/>
          <property name="Exif/Orientation" value="1"/>
          <property name="Exif/ShutterSpeedValue" value="5"/>
          <property name="File/ImageHeight" value="3456"/>
          <property name="File/ImageWidth" value="5184"/>
          <property name="System/FileModifyDate" value="2015:11:11 12:13:56"/>
          <property name="System/FileSize" value="4391981"/>
        </meta>
      </photo>
    </camera>
    <camera camera_id="38">
      <photo path="../../../IMG_1728.JPG">
        <meta>
          <property name="Exif/ApertureValue" value="3.625"/>
          <property name="Exif/DateTime" value="2015:09:07 12:48:23"/>
          <property name="Exif/DateTimeOriginal" value="2015:09:07 12:48:23"/>
          <property name="Exif/ExposureTime" value="0.0333333333333333"/>
          <property name="Exif/FNumber" value="3.5"/>
          <property name="Exif/FocalLength" value="18"/>
          <property name="Exif/FocalPlaneXResolution" value="225.518771479532"/>
          <property name="Exif/FocalPlaneYResolution" value="228.67729769073"/>
          <property name="Exif/ISOSpeedRatings" value="500"/>
          <property name="Exif/Make" value="Canon"/>
          <property name="Exif/Model" value="Canon EOS 600D"/>
          <property name="Exif/Orientation" value="1"/>
          <property name="Exif/ShutterSpeedValue" value="5"/>
          <property name="File/ImageHeight" value="3456"/>
          <property name="File/ImageWidth" value="5184"/>
          <property name="System/FileModifyDate" value="2015:11:11 12:14:01"/>
          <property name="System/FileSize" value="4453717"/>
        </meta>
      </photo>
    </camera>
    <camera camera_id="39">
      <photo path="../../../IMG_1729.JPG">
        <meta>
          <property name="Exif/ApertureValue" value="3.625"/>
          <property name="Exif/DateTime" value="2015:09:07 12:48:30"/>
          <property name="Exif/DateTimeOriginal" value="2015:09:07 12:48:30"/>
          <property name="Exif/ExposureTime" value="0.0333333333333333"/>
          <property name="Exif/FNumber" value="3.5"/>
          <property name="Exif/FocalLength" value="18"/>
          <property name="Exif/FocalPlaneXResolution" value="225.518771479532"/>
          <property name="Exif/FocalPlaneYResolution" value="228.67729769073"/>
          <property name="Exif/ISOSpeedRatings" value="500"/>
          <property name="Exif/Make" value="Canon"/>
          <property name="Exif/Model" value="Canon EOS 600D"/>
          <property name="Exif/Orientation" value="1"/>
          <property name="Exif/ShutterSpeedValue" value="5"/>
          <property name="File/ImageHeight" value="3456"/>
          <property name="File/ImageWidth" value="5184"/>
          <property name="System/FileModifyDate" value="2015:11:11 12:14:03"/>
          <property name="System/FileSize" value="4396662"/>
        </meta>
      </photo>
    </camera>
    <camera camera_id="40">
      <photo path="../../../IMG_1730.JPG">
        <meta>
          <property name="Exif/ApertureValue" value="3.625"/>
          <property name="Exif/DateTime" value="2015:09:07 12:48:37"/>
          <property name="Exif/DateTimeOriginal" value="2015:09:07 12:48:37"/>
          <property name="Exif/ExposureTime" value="0.025"/>
          <property name="Exif/FNumber" value="3.5"/>
          <property name="Exif/FocalLength" value="18"/>
          <property name="Exif/FocalPlaneXResolution" value="225.518771479532"/>
          <property name="Exif/FocalPlaneYResolution" value="228.67729769073"/>
          <property name="Exif/ISOSpeedRatings" value="500"/>
          <property name="Exif/Make" value="Canon"/>
          <property name="Exif/Model" value="Canon EOS 600D"/>
          <property name="Exif/Orientation" value="1"/>
          <property name="Exif/ShutterSpeedValue" value="5.375"/>
          <property name="File/ImageHeight" value="3456"/>
          <property name="File/ImageWidth" value="5184"/>
          <property name="System/FileModifyDate" value="2015:11:11 12:14:05"/>
          <property name="System/FileSize" value="4457964"/>
        </meta>
      </photo>
    </camera>
    <camera camera_id="41">
      <photo path="../../../IMG_1731.JPG">
        <meta>
          <property name="Exif/ApertureValue" value="3.625"/>
          <property name="Exif/DateTime" value="2015:09:07 12:48:43"/>
          <property name="Exif/DateTimeOriginal" value="2015:09:07 12:48:43"/>
          <property name="Exif/ExposureTime" value="0.025"/>
          <property name="Exif/FNumber" value="3.5"/>
          <property name="Exif/FocalLength" value="18"/>
          <property name="Exif/FocalPlaneXResolution" value="225.518771479532"/>
          <property name="Exif/FocalPlaneYResolution" value="228.67729769073"/>
          <property name="Exif/ISOSpeedRatings" value="500"/>
          <property name="Exif/Make" value="Canon"/>
          <property name="Exif/Model" value="Canon EOS 600D"/>
          <property name="Exif/Orientation" value="1"/>
          <property name="Exif/ShutterSpeedValue" value="5.375"/>
          <property name="File/ImageHeight" value="3456"/>
          <property name="File/ImageWidth" value="5184"/>
          <property name="System/FileModifyDate" value="2015:11:11 12:14:06"/>
          <property name="System/FileSize" value="4422582"/>
        </meta>
      </photo>
    </camera>
    <camera camera_id="42">
      <photo path="../../../IMG_1732.JPG">
        <meta>
          <property name="Exif/ApertureValue" value="3.625"/>
          <property name="Exif/DateTime" value="2015:09:07 12:48:50"/>
          <property name="Exif/DateTimeOriginal" value="2015:09:07 12:48:50"/>
          <property name="Exif/ExposureTime" value="0.025"/>
          <property name="Exif/FNumber" value="3.5"/>
          <property name="Exif/FocalLength" value="18"/>
          <property name="Exif/FocalPlaneXResolution" value="225.518771479532"/>
          <property name="Exif/FocalPlaneYResolution" value="228.67729769073"/>
          <property name="Exif/ISOSpeedRatings" value="500"/>
          <property name="Exif/Make" value="Canon"/>
          <property name="Exif/Model" value="Canon EOS 600D"/>
          <property name="Exif/Orientation" value="1"/>
          <property name="Exif/ShutterSpeedValue" value="5.375"/>
          <property name="File/ImageHeight" value="3456"/>
          <property name="File/ImageWidth" value="5184"/>
          <property name="System/FileModifyDate" value="2015:11:11 12:14:08"/>
          <property name="System/FileSize" value="4483334"/>
        </meta>
      </photo>
    </camera>
    <camera camera_id="43">
      <photo path="../../../IMG_1733.JPG">
        <meta>
          <property name="Exif/ApertureValue" value="3.625"/>
          <property name="Exif/DateTime" value="2015:09:07 12:48:57"/>
          <property name="Exif/DateTimeOriginal" value="2015:09:07 12:48:57"/>
          <property name="Exif/ExposureTime" value="0.025"/>
          <property name="Exif/FNumber" value="3.5"/>
          <property name="Exif/FocalLength" value="18"/>
          <property name="Exif/FocalPlaneXResolution" value="225.518771479532"/>
          <property name="Exif/FocalPlaneYResolution" value="228.67729769073"/>
          <property name="Exif/ISOSpeedRatings" value="500"/>
          <property name="Exif/Make" value="Canon"/>
          <property name="Exif/Model" value="Canon EOS 600D"/>
          <property name="Exif/Orientation" value="1"/>
          <property name="Exif/ShutterSpeedValue" value="5.375"/>
          <property name="File/ImageHeight" value="3456"/>
          <property name="File/ImageWidth" value="5184"/>
          <property name="System/FileModifyDate" value="2015:11:11 12:14:11"/>
          <property name="System/FileSize" value="4414432"/>
        </meta>
      </photo>
    </camera>
    <camera camera_id="44">
      <photo path="../../../IMG_1734.JPG">
        <meta>
          <property name="Exif/ApertureValue" value="3.625"/>
          <property name="Exif/DateTime" value="2015:09:07 12:49:05"/>
          <property name="Exif/DateTimeOriginal" value="2015:09:07 12:49:05"/>
          <property name="Exif/ExposureTime" value="0.0333333333333333"/>
          <property name="Exif/FNumber" value="3.5"/>
          <property name="Exif/FocalLength" value="18"/>
          <property name="Exif/FocalPlaneXResolution" value="225.518771479532"/>
          <property name="Exif/FocalPlaneYResolution" value="228.67729769073"/>
          <property name="Exif/ISOSpeedRatings" value="400"/>
          <property name="Exif/Make" value="Canon"/>
          <property name="Exif/Model" value="Canon EOS 600D"/>
          <property name="Exif/Orientation" value="1"/>
          <property name="Exif/ShutterSpeedValue" value="5"/>
          <property name="File/ImageHeight" value="3456"/>
          <property name="File/ImageWidth" value="5184"/>
          <property name="System/FileModifyDate" value="2015:11:11 12:14:12"/>
          <property name="System/FileSize" value="4152901"/>
        </meta>
      </photo>
    </camera>
    <camera camera_id="45">
      <photo path="../../../IMG_1735.JPG">
        <meta>
          <property name="Exif/ApertureValue" value="3.625"/>
          <property name="Exif/DateTime" value="2015:09:07 12:49:11"/>
          <property name="Exif/DateTimeOriginal" value="2015:09:07 12:49:11"/>
          <property name="Exif/ExposureTime" value="0.0333333333333333"/>
          <property name="Exif/FNumber" value="3.5"/>
          <property name="Exif/FocalLength" value="18"/>
          <property name="Exif/FocalPlaneXResolution" value="225.518771479532"/>
          <property name="Exif/FocalPlaneYResolution" value="228.67729769073"/>
          <property name="Exif/ISOSpeedRatings" value="400"/>
          <property name="Exif/Make" value="Canon"/>
          <property name="Exif/Model" value="Canon EOS 600D"/>
          <property name="Exif/Orientation" value="1"/>
          <property name="Exif/ShutterSpeedValue" value="5"/>
          <property name="File/ImageHeight" value="3456"/>
          <property name="File/ImageWidth" value="5184"/>
          <property name="System/FileModifyDate" value="2015:11:11 12:14:14"/>
          <property name="System/FileSize" value="4111179"/>
        </meta>
      </photo>
    </camera>
    <camera camera_id="46">
      <photo path="../../../IMG_1736.JPG">
        <meta>
          <property name="Exif/ApertureValue" value="3.625"/>
          <property name="Exif/DateTime" value="2015:09:07 12:49:18"/>
          <property name="Exif/DateTimeOriginal" value="2015:09:07 12:49:18"/>
          <property name="Exif/ExposureTime" value="0.0333333333333333"/>
          <property name="Exif/FNumber" value="3.5"/>
          <property name="Exif/FocalLength" value="18"/>
          <property name="Exif/FocalPlaneXResolution" value="225.518771479532"/>
          <property name="Exif/FocalPlaneYResolution" value="228.67729769073"/>
          <property name="Exif/ISOSpeedRatings" value="400"/>
          <property name="Exif/Make" value="Canon"/>
          <property name="Exif/Model" value="Canon EOS 600D"/>
          <property name="Exif/Orientation" value="1"/>
          <property name="Exif/ShutterSpeedValue" value="5"/>
          <property name="File/ImageHeight" value="3456"/>
          <property name="File/ImageWidth" value="5184"/>
          <property name="System/FileModifyDate" value="2015:11:11 12:14:16"/>
          <property name="System/FileSize" value="4299311"/>
        </meta>
      </photo>
    </camera>
    <camera camera_id="47">
      <photo path="../../../IMG_1737.JPG">
        <meta>
          <property name="Exif/ApertureValue" value="3.625"/>
          <property name="Exif/DateTime" value="2015:09:07 12:49:25"/>
          <property name="Exif/DateTimeOriginal" value="2015:09:07 12:49:25"/>
          <property name="Exif/ExposureTime" value="0.0333333333333333"/>
          <property name="Exif/FNumber" value="3.5"/>
          <property name="Exif/FocalLength" value="18"/>
          <property name="Exif/FocalPlaneXResolution" value="225.518771479532"/>
          <property name="Exif/FocalPlaneYResolution" value="228.67729769073"/>
          <property name="Exif/ISOSpeedRatings" value="400"/>
          <property name="Exif/Make" value="Canon"/>
          <property name="Exif/Model" value="Canon EOS 600D"/>
          <property name="Exif/Orientation" value="1"/>
          <property name="Exif/ShutterSpeedValue" value="5"/>
          <property name="File/ImageHeight" value="3456"/>
          <property name="File/ImageWidth" value="5184"/>
          <property name="System/FileModifyDate" value="2015:11:11 12:14:18"/>
          <property name="System/FileSize" value="4381522"/>
        </meta>
      </photo>
    </camera>
    <camera camera_id="48">
      <photo path="../../../IMG_1738.JPG">
        <meta>
          <property name="Exif/ApertureValue" value="3.625"/>
          <property name="Exif/DateTime" value="2015:09:07 12:49:32"/>
          <property name="Exif/DateTimeOriginal" value="2015:09:07 12:49:32"/>
          <property name="Exif/ExposureTime" value="0.0333333333333333"/>
          <property name="Exif/FNumber" value="3.5"/>
          <property name="Exif/FocalLength" value="18"/>
          <property name="Exif/FocalPlaneXResolution" value="225.518771479532"/>
          <property name="Exif/FocalPlaneYResolution" value="228.67729769073"/>
          <property name="Exif/ISOSpeedRatings" value="400"/>
          <property name="Exif/Make" value="Canon"/>
          <property name="Exif/Model" value="Canon EOS 600D"/>
          <property name="Exif/Orientation" value="1"/>
          <property name="Exif/ShutterSpeedValue" value="5"/>
          <property name="File/ImageHeight" value="3456"/>
          <property name="File/ImageWidth" value="5184"/>
          <property name="System/FileModifyDate" value="2015:11:11 12:14:20"/>
          <property name="System/FileSize" value="4380600"/>
        </meta>
      </photo>
    </camera>
    <camera camera_id="49">
      <photo path="../../../IMG_1739.JPG">
        <meta>
          <property name="Exif/ApertureValue" value="3.625"/>
          <property name="Exif/DateTime" value="2015:09:07 12:49:40"/>
          <property name="Exif/DateTimeOriginal" value="2015:09:07 12:49:40"/>
          <property name="Exif/ExposureTime" value="0.0333333333333333"/>
          <property name="Exif/FNumber" value="3.5"/>
          <property name="Exif/FocalLength" value="18"/>
          <property name="Exif/FocalPlaneXResolution" value="225.518771479532"/>
          <property name="Exif/FocalPlaneYResolution" value="228.67729769073"/>
          <property name="Exif/ISOSpeedRatings" value="400"/>
          <property name="Exif/Make" value="Canon"/>
          <property name="Exif/Model" value="Canon EOS 600D"/>
          <property name="Exif/Orientation" value="1"/>
          <property name="Exif/ShutterSpeedValue" value="5"/>
          <property name="File/ImageHeight" value="3456"/>
          <property name="File/ImageWidth" value="5184"/>
          <property name="System/FileModifyDate" value="2015:11:11 12:14:22"/>
          <property name="System/FileSize" value="4380767"/>
        </meta>
      </photo>
    </camera>
    <camera camera_id="50">
      <photo path="../../../IMG_1740.JPG">
        <meta>
          <property name="Exif/ApertureValue" value="3.625"/>
          <property name="Exif/DateTime" value="2015:09:07 12:50:11"/>
          <property name="Exif/DateTimeOriginal" value="2015:09:07 12:50:11"/>
          <property name="Exif/ExposureTime" value="0.0333333333333333"/>
          <property name="Exif/FNumber" value="3.5"/>
          <property name="Exif/FocalLength" value="18"/>
          <property name="Exif/FocalPlaneXResolution" value="225.518771479532"/>
          <property name="Exif/FocalPlaneYResolution" value="228.67729769073"/>
          <property name="Exif/ISOSpeedRatings" value="400"/>
          <property name="Exif/Make" value="Canon"/>
          <property name="Exif/Model" value="Canon EOS 600D"/>
          <property name="Exif/Orientation" value="1"/>
          <property name="Exif/ShutterSpeedValue" value="5"/>
          <property name="File/ImageHeight" value="3456"/>
          <property name="File/ImageWidth" value="5184"/>
          <property name="System/FileModifyDate" value="2015:11:11 12:14:24"/>
          <property name="System/FileSize" value="4411505"/>
        </meta>
      </photo>
    </camera>
    <camera camera_id="51">
      <photo path="../../../IMG_1741.JPG">
        <meta>
          <property name="Exif/ApertureValue" value="3.625"/>
          <property name="Exif/DateTime" value="2015:09:07 12:50:18"/>
          <property name="Exif/DateTimeOriginal" value="2015:09:07 12:50:18"/>
          <property name="Exif/ExposureTime" value="0.0333333333333333"/>
          <property name="Exif/FNumber" value="3.5"/>
          <property name="Exif/FocalLength" value="18"/>
          <property name="Exif/FocalPlaneXResolution" value="225.518771479532"/>
          <property name="Exif/FocalPlaneYResolution" value="228.67729769073"/>
          <property name="Exif/ISOSpeedRatings" value="400"/>
          <property name="Exif/Make" value="Canon"/>
          <property name="Exif/Model" value="Canon EOS 600D"/>
          <property name="Exif/Orientation" value="1"/>
          <property name="Exif/ShutterSpeedValue" value="5"/>
          <property name="File/ImageHeight" value="3456"/>
          <property name="File/ImageWidth" value="5184"/>
          <property name="System/FileModifyDate" value="2015:11:11 12:14:27"/>
          <property name="System/FileSize" value="4257574"/>
        </meta>
      </photo>
    </camera>
  </cameras>
  <markers>
    <marker marker_id="0">
      <location camera_id="1" pinned="true" x="1331.3678" y="3155.7183"/>
      <location camera_id="20" pinned="true" x="1802.241" y="3157.5154"/>
    </marker>
    <marker marker_id="1">
      <location camera_id="1" pinned="true" x="3798.9595" y="3141.3403"/>
      <location camera_id="20" pinned="true" x="3592.2783" y="3047.8845"/>
    </marker>
    <marker marker_id="2">
      <location camera_id="23" pinned="true" x="2733.4797" y="2613.7134"/>
      <location camera_id="24" pinned="true" x="2332.5298" y="2598.8308"/>
    </marker>
    <marker marker_id="5">
      <location camera_id="40" pinned="true" x="2584.5505" y="290.52536"/>
      <location camera_id="41" pinned="true" x="2999.072" y="359.58835"/>
    </marker>
    <marker marker_id="3">
      <location camera_id="30" pinned="true" x="2886.1072" y="2496.2732"/>
      <location camera_id="31" pinned="true" x="2578.0259" y="2536.1365"/>
    </marker>
    <marker marker_id="6">
      <location camera_id="39" pinned="true" x="2422.5181" y="3020.6313"/>
      <location camera_id="46" pinned="true" x="1697.2944" y="395.78989"/>
      <location camera_id="47" pinned="true" x="2121.6008" y="259.4057"/>
    </marker>
    <marker marker_id="4">
      <location camera_id="25" pinned="true" x="2602.3652" y="2604.0806"/>
      <location camera_id="26" pinned="true" x="2206.9893" y="2557.9304"/>
    </marker>
    <marker marker_id="7">
      <location camera_id="38" pinned="true" x="2532.7249" y="312.52371"/>
      <location camera_id="39" pinned="true" x="3089.5024" y="415.8252"/>
    </marker>
  </markers>
  <masks path="masks/masks.zip"/>
  <thumbnails path="thumbnails/thumbnails.zip"/>
  <point_cloud path="point_cloud/point_cloud.zip"/>
  <dense_cloud path="dense_cloud/dense_cloud.zip"/>
  <model path="model/model.zip"/>
</frame>
