<?xml version="1.0" encoding="UTF-8"?>
<frame>
  <cameras>
    <camera camera_id="0">
      <photo path="../../../IMG_1671.JPG">
        <meta>
          <property name="Exif/ApertureValue" value="4.375"/>
          <property name="Exif/DateTime" value="2015:09:07 10:27:22"/>
          <property name="Exif/DateTimeOriginal" value="2015:09:07 10:27:22"/>
          <property name="Exif/ExposureTime" value="0.02"/>
          <property name="Exif/FNumber" value="4.5"/>
          <property name="Exif/FocalLength" value="29"/>
          <property name="Exif/FocalPlaneXResolution" value="225.518771479532"/>
          <property name="Exif/FocalPlaneYResolution" value="228.67729769073"/>
          <property name="Exif/ISOSpeedRatings" value="400"/>
          <property name="Exif/Make" value="Canon"/>
          <property name="Exif/Model" value="Canon EOS 600D"/>
          <property name="Exif/Orientation" value="1"/>
          <property name="Exif/ShutterSpeedValue" value="5.625"/>
          <property name="File/ImageHeight" value="3456"/>
          <property name="File/ImageWidth" value="5184"/>
          <property name="System/FileModifyDate" value="2015:11:11 12:11:58"/>
          <property name="System/FileSize" value="4924948"/>
        </meta>
      </photo>
    </camera>
    <camera camera_id="1">
      <photo path="../../../IMG_1672.JPG">
        <meta>
          <property name="Exif/ApertureValue" value="4.375"/>
          <property name="Exif/DateTime" value="2015:09:07 10:27:28"/>
          <property name="Exif/DateTimeOriginal" value="2015:09:07 10:27:28"/>
          <property name="Exif/ExposureTime" value="0.02"/>
          <property name="Exif/FNumber" value="4.5"/>
          <property name="Exif/FocalLength" value="29"/>
          <property name="Exif/FocalPlaneXResolution" value="225.518771479532"/>
          <property name="Exif/FocalPlaneYResolution" value="228.67729769073"/>
          <property name="Exif/ISOSpeedRatings" value="400"/>
          <property name="Exif/Make" value="Canon"/>
          <property name="Exif/Model" value="Canon EOS 600D"/>
          <property name="Exif/Orientation" value="1"/>
          <property name="Exif/ShutterSpeedValue" value="5.625"/>
          <property name="File/ImageHeight" value="3456"/>
          <property name="File/ImageWidth" value="5184"/>
          <property name="System/FileModifyDate" value="2015:11:11 12:12:00"/>
          <property name="System/FileSize" value="5045256"/>
        </meta>
      </photo>
    </camera>
    <camera camera_id="2">
      <photo path="../../../IMG_1673.JPG">
        <meta>
          <property name="Exif/ApertureValue" value="4.375"/>
          <property name="Exif/DateTime" value="2015:09:07 10:27:36"/>
          <property name="Exif/DateTimeOriginal" value="2015:09:07 10:27:36"/>
          <property name="Exif/ExposureTime" value="0.02"/>
          <property name="Exif/FNumber" value="4.5"/>
          <property name="Exif/FocalLength" value="29"/>
          <property name="Exif/FocalPlaneXResolution" value="225.518771479532"/>
          <property name="Exif/FocalPlaneYResolution" value="228.67729769073"/>
          <property name="Exif/ISOSpeedRatings" value="400"/>
          <property name="Exif/Make" value="Canon"/>
          <property name="Exif/Model" value="Canon EOS 600D"/>
          <property name="Exif/Orientation" value="1"/>
          <property name="Exif/ShutterSpeedValue" value="5.625"/>
          <property name="File/ImageHeight" value="3456"/>
          <property name="File/ImageWidth" value="5184"/>
          <property name="System/FileModifyDate" value="2015:11:11 12:12:02"/>
          <property name="System/FileSize" value="5044114"/>
        </meta>
      </photo>
    </camera>
    <camera camera_id="3">
      <photo path="../../../IMG_1674.JPG">
        <meta>
          <property name="Exif/ApertureValue" value="4.375"/>
          <property name="Exif/DateTime" value="2015:09:07 10:27:42"/>
          <property name="Exif/DateTimeOriginal" value="2015:09:07 10:27:42"/>
          <property name="Exif/ExposureTime" value="0.025"/>
          <property name="Exif/FNumber" value="4.5"/>
          <property name="Exif/FocalLength" value="29"/>
          <property name="Exif/FocalPlaneXResolution" value="225.518771479532"/>
          <property name="Exif/FocalPlaneYResolution" value="228.67729769073"/>
          <property name="Exif/ISOSpeedRatings" value="400"/>
          <property name="Exif/Make" value="Canon"/>
          <property name="Exif/Model" value="Canon EOS 600D"/>
          <property name="Exif/Orientation" value="1"/>
          <property name="Exif/ShutterSpeedValue" value="5.375"/>
          <property name="File/ImageHeight" value="3456"/>
          <property name="File/ImageWidth" value="5184"/>
          <property name="System/FileModifyDate" value="2015:11:11 12:12:04"/>
          <property name="System/FileSize" value="5042764"/>
        </meta>
      </photo>
    </camera>
    <camera camera_id="4">
      <photo path="../../../IMG_1675.JPG">
        <meta>
          <property name="Exif/ApertureValue" value="4.375"/>
          <property name="Exif/DateTime" value="2015:09:07 10:27:48"/>
          <property name="Exif/DateTimeOriginal" value="2015:09:07 10:27:48"/>
          <property name="Exif/ExposureTime" value="0.025"/>
          <property name="Exif/FNumber" value="4.5"/>
          <property name="Exif/FocalLength" value="29"/>
          <property name="Exif/FocalPlaneXResolution" value="225.518771479532"/>
          <property name="Exif/FocalPlaneYResolution" value="228.67729769073"/>
          <property name="Exif/ISOSpeedRatings" value="400"/>
          <property name="Exif/Make" value="Canon"/>
          <property name="Exif/Model" value="Canon EOS 600D"/>
          <property name="Exif/Orientation" value="1"/>
          <property name="Exif/ShutterSpeedValue" value="5.375"/>
          <property name="File/ImageHeight" value="3456"/>
          <property name="File/ImageWidth" value="5184"/>
          <property name="System/FileModifyDate" value="2015:11:11 12:12:06"/>
          <property name="System/FileSize" value="5044821"/>
        </meta>
      </photo>
    </camera>
    <camera camera_id="5">
      <photo path="../../../IMG_1676.JPG">
        <meta>
          <property name="Exif/ApertureValue" value="4.375"/>
          <property name="Exif/DateTime" value="2015:09:07 10:27:54"/>
          <property name="Exif/DateTimeOriginal" value="2015:09:07 10:27:54"/>
          <property name="Exif/ExposureTime" value="0.02"/>
          <property name="Exif/FNumber" value="4.5"/>
          <property name="Exif/FocalLength" value="29"/>
          <property name="Exif/FocalPlaneXResolution" value="225.518771479532"/>
          <property name="Exif/FocalPlaneYResolution" value="228.67729769073"/>
          <property name="Exif/ISOSpeedRatings" value="400"/>
          <property name="Exif/Make" value="Canon"/>
          <property name="Exif/Model" value="Canon EOS 600D"/>
          <property name="Exif/Orientation" value="1"/>
          <property name="Exif/ShutterSpeedValue" value="5.625"/>
          <property name="File/ImageHeight" value="3456"/>
          <property name="File/ImageWidth" value="5184"/>
          <property name="System/FileModifyDate" value="2015:11:11 12:12:09"/>
          <property name="System/FileSize" value="5068381"/>
        </meta>
      </photo>
    </camera>
    <camera camera_id="6">
      <photo path="../../../IMG_1677.JPG">
        <meta>
          <property name="Exif/ApertureValue" value="4.375"/>
          <property name="Exif/DateTime" value="2015:09:07 10:28:00"/>
          <property name="Exif/DateTimeOriginal" value="2015:09:07 10:28:00"/>
          <property name="Exif/ExposureTime" value="0.02"/>
          <property name="Exif/FNumber" value="4.5"/>
          <property name="Exif/FocalLength" value="29"/>
          <property name="Exif/FocalPlaneXResolution" value="225.518771479532"/>
          <property name="Exif/FocalPlaneYResolution" value="228.67729769073"/>
          <property name="Exif/ISOSpeedRatings" value="400"/>
          <property name="Exif/Make" value="Canon"/>
          <property name="Exif/Model" value="Canon EOS 600D"/>
          <property name="Exif/Orientation" value="1"/>
          <property name="Exif/ShutterSpeedValue" value="5.625"/>
          <property name="File/ImageHeight" value="3456"/>
          <property name="File/ImageWidth" value="5184"/>
          <property name="System/FileModifyDate" value="2015:11:11 12:12:11"/>
          <property name="System/FileSize" value="5099381"/>
        </meta>
      </photo>
    </camera>
    <camera camera_id="7">
      <photo path="../../../IMG_1678.JPG">
        <meta>
          <property name="Exif/ApertureValue" value="4.375"/>
          <property name="Exif/DateTime" value="2015:09:07 10:28:07"/>
          <property name="Exif/DateTimeOriginal" value="2015:09:07 10:28:07"/>
          <property name="Exif/ExposureTime" value="0.02"/>
          <property name="Exif/FNumber" value="4.5"/>
          <property name="Exif/FocalLength" value="29"/>
          <property name="Exif/FocalPlaneXResolution" value="225.518771479532"/>
          <property name="Exif/FocalPlaneYResolution" value="228.67729769073"/>
          <property name="Exif/ISOSpeedRatings" value="400"/>
          <property name="Exif/Make" value="Canon"/>
          <property name="Exif/Model" value="Canon EOS 600D"/>
          <property name="Exif/Orientation" value="1"/>
          <property name="Exif/ShutterSpeedValue" value="5.625"/>
          <property name="File/ImageHeight" value="3456"/>
          <property name="File/ImageWidth" value="5184"/>
          <property name="System/FileModifyDate" value="2015:11:11 12:12:14"/>
          <property name="System/FileSize" value="5118939"/>
        </meta>
      </photo>
    </camera>
    <camera camera_id="8">
      <photo path="../../../IMG_1679.JPG">
        <meta>
          <property name="Exif/ApertureValue" value="4.375"/>
          <property name="Exif/DateTime" value="2015:09:07 10:28:13"/>
          <property name="Exif/DateTimeOriginal" value="2015:09:07 10:28:13"/>
          <property name="Exif/ExposureTime" value="0.025"/>
          <property name="Exif/FNumber" value="4.5"/>
          <property name="Exif/FocalLength" value="29"/>
          <property name="Exif/FocalPlaneXResolution" value="225.518771479532"/>
          <property name="Exif/FocalPlaneYResolution" value="228.67729769073"/>
          <property name="Exif/ISOSpeedRatings" value="320"/>
          <property name="Exif/Make" value="Canon"/>
          <property name="Exif/Model" value="Canon EOS 600D"/>
          <property name="Exif/Orientation" value="1"/>
          <property name="Exif/ShutterSpeedValue" value="5.375"/>
          <property name="File/ImageHeight" value="3456"/>
          <property name="File/ImageWidth" value="5184"/>
          <property name="System/FileModifyDate" value="2015:11:11 12:12:17"/>
          <property name="System/FileSize" value="5114979"/>
        </meta>
      </photo>
    </camera>
    <camera camera_id="9">
      <photo path="../../../IMG_1680.JPG">
        <meta>
          <property name="Exif/ApertureValue" value="4.375"/>
          <property name="Exif/DateTime" value="2015:09:07 10:28:19"/>
          <property name="Exif/DateTimeOriginal" value="2015:09:07 10:28:19"/>
          <property name="Exif/ExposureTime" value="0.02"/>
          <property name="Exif/FNumber" value="4.5"/>
          <property name="Exif/FocalLength" value="29"/>
          <property name="Exif/FocalPlaneXResolution" value="225.518771479532"/>
          <property name="Exif/FocalPlaneYResolution" value="228.67729769073"/>
          <property name="Exif/ISOSpeedRatings" value="400"/>
          <property name="Exif/Make" value="Canon"/>
          <property name="Exif/Model" value="Canon EOS 600D"/>
          <property name="Exif/Orientation" value="1"/>
          <property name="Exif/ShutterSpeedValue" value="5.625"/>
          <property name="File/ImageHeight" value="3456"/>
          <property name="File/ImageWidth" value="5184"/>
          <property name="System/FileModifyDate" value="2015:11:11 12:12:19"/>
          <property name="System/FileSize" value="5117557"/>
        </meta>
      </photo>
    </camera>
    <camera camera_id="10">
      <photo path="../../../IMG_1681.JPG">
        <meta>
          <property name="Exif/ApertureValue" value="4.375"/>
          <property name="Exif/DateTime" value="2015:09:07 10:28:24"/>
          <property name="Exif/DateTimeOriginal" value="2015:09:07 10:28:24"/>
          <property name="Exif/ExposureTime" value="0.025"/>
          <property name="Exif/FNumber" value="4.5"/>
          <property name="Exif/FocalLength" value="29"/>
          <property name="Exif/FocalPlaneXResolution" value="225.518771479532"/>
          <property name="Exif/FocalPlaneYResolution" value="228.67729769073"/>
          <property name="Exif/ISOSpeedRatings" value="400"/>
          <property name="Exif/Make" value="Canon"/>
          <property name="Exif/Model" value="Canon EOS 600D"/>
          <property name="Exif/Orientation" value="1"/>
          <property name="Exif/ShutterSpeedValue" value="5.375"/>
          <property name="File/ImageHeight" value="3456"/>
          <property name="File/ImageWidth" value="5184"/>
          <property name="System/FileModifyDate" value="2015:11:11 12:12:21"/>
          <property name="System/FileSize" value="5061134"/>
        </meta>
      </photo>
    </camera>
    <camera camera_id="11">
      <photo path="../../../IMG_1682.JPG">
        <meta>
          <property name="Exif/ApertureValue" value="4.375"/>
          <property name="Exif/DateTime" value="2015:09:07 10:28:30"/>
          <property name="Exif/DateTimeOriginal" value="2015:09:07 10:28:30"/>
          <property name="Exif/ExposureTime" value="0.02"/>
          <property name="Exif/FNumber" value="4.5"/>
          <property name="Exif/FocalLength" value="29"/>
          <property name="Exif/FocalPlaneXResolution" value="225.518771479532"/>
          <property name="Exif/FocalPlaneYResolution" value="228.67729769073"/>
          <property name="Exif/ISOSpeedRatings" value="400"/>
          <property name="Exif/Make" value="Canon"/>
          <property name="Exif/Model" value="Canon EOS 600D"/>
          <property name="Exif/Orientation" value="1"/>
          <property name="Exif/ShutterSpeedValue" value="5.625"/>
          <property name="File/ImageHeight" value="3456"/>
          <property name="File/ImageWidth" value="5184"/>
          <property name="System/FileModifyDate" value="2015:11:11 12:12:23"/>
          <property name="System/FileSize" value="5089784"/>
        </meta>
      </photo>
    </camera>
    <camera camera_id="12">
      <photo path="../../../IMG_1683.JPG">
        <meta>
          <property name="Exif/ApertureValue" value="4.375"/>
          <property name="Exif/DateTime" value="2015:09:07 10:28:35"/>
          <property name="Exif/DateTimeOriginal" value="2015:09:07 10:28:35"/>
          <property name="Exif/ExposureTime" value="0.02"/>
          <property name="Exif/FNumber" value="4.5"/>
          <property name="Exif/FocalLength" value="29"/>
          <property name="Exif/FocalPlaneXResolution" value="225.518771479532"/>
          <property name="Exif/FocalPlaneYResolution" value="228.67729769073"/>
          <property name="Exif/ISOSpeedRatings" value="400"/>
          <property name="Exif/Make" value="Canon"/>
          <property name="Exif/Model" value="Canon EOS 600D"/>
          <property name="Exif/Orientation" value="1"/>
          <property name="Exif/ShutterSpeedValue" value="5.625"/>
          <property name="File/ImageHeight" value="3456"/>
          <property name="File/ImageWidth" value="5184"/>
          <property name="System/FileModifyDate" value="2015:11:11 12:12:25"/>
          <property name="System/FileSize" value="5063179"/>
        </meta>
      </photo>
    </camera>
    <camera camera_id="13">
      <photo path="../../../IMG_1684.JPG">
        <meta>
          <property name="Exif/ApertureValue" value="4.375"/>
          <property name="Exif/DateTime" value="2015:09:07 10:28:40"/>
          <property name="Exif/DateTimeOriginal" value="2015:09:07 10:28:40"/>
          <property name="Exif/ExposureTime" value="0.02"/>
          <property name="Exif/FNumber" value="4.5"/>
          <property name="Exif/FocalLength" value="29"/>
          <property name="Exif/FocalPlaneXResolution" value="225.518771479532"/>
          <property name="Exif/FocalPlaneYResolution" value="228.67729769073"/>
          <property name="Exif/ISOSpeedRatings" value="400"/>
          <property name="Exif/Make" value="Canon"/>
          <property name="Exif/Model" value="Canon EOS 600D"/>
          <property name="Exif/Orientation" value="1"/>
          <property name="Exif/ShutterSpeedValue" value="5.625"/>
          <property name="File/ImageHeight" value="3456"/>
          <property name="File/ImageWidth" value="5184"/>
          <property name="System/FileModifyDate" value="2015:11:11 12:12:27"/>
          <property name="System/FileSize" value="5057373"/>
        </meta>
      </photo>
    </camera>
    <camera camera_id="14">
      <photo path="../../../IMG_1685.JPG">
        <meta>
          <property name="Exif/ApertureValue" value="4.375"/>
          <property name="Exif/DateTime" value="2015:09:07 10:28:46"/>
          <property name="Exif/DateTimeOriginal" value="2015:09:07 10:28:46"/>
          <property name="Exif/ExposureTime" value="0.02"/>
          <property name="Exif/FNumber" value="4.5"/>
          <property name="Exif/FocalLength" value="29"/>
          <property name="Exif/FocalPlaneXResolution" value="225.518771479532"/>
          <property name="Exif/FocalPlaneYResolution" value="228.67729769073"/>
          <property name="Exif/ISOSpeedRatings" value="400"/>
          <property name="Exif/Make" value="Canon"/>
          <property name="Exif/Model" value="Canon EOS 600D"/>
          <property name="Exif/Orientation" value="1"/>
          <property name="Exif/ShutterSpeedValue" value="5.625"/>
          <property name="File/ImageHeight" value="3456"/>
          <property name="File/ImageWidth" value="5184"/>
          <property name="System/FileModifyDate" value="2015:11:11 12:12:29"/>
          <property name="System/FileSize" value="5041982"/>
        </meta>
      </photo>
    </camera>
    <camera camera_id="15">
      <photo path="../../../IMG_1686.JPG">
        <meta>
          <property name="Exif/ApertureValue" value="4.375"/>
          <property name="Exif/DateTime" value="2015:09:07 10:28:51"/>
          <property name="Exif/DateTimeOriginal" value="2015:09:07 10:28:51"/>
          <property name="Exif/ExposureTime" value="0.02"/>
          <property name="Exif/FNumber" value="4.5"/>
          <property name="Exif/FocalLength" value="29"/>
          <property name="Exif/FocalPlaneXResolution" value="225.518771479532"/>
          <property name="Exif/FocalPlaneYResolution" value="228.67729769073"/>
          <property name="Exif/ISOSpeedRatings" value="400"/>
          <property name="Exif/Make" value="Canon"/>
          <property name="Exif/Model" value="Canon EOS 600D"/>
          <property name="Exif/Orientation" value="1"/>
          <property name="Exif/ShutterSpeedValue" value="5.625"/>
          <property name="File/ImageHeight" value="3456"/>
          <property name="File/ImageWidth" value="5184"/>
          <property name="System/FileModifyDate" value="2015:11:11 12:12:31"/>
          <property name="System/FileSize" value="5047024"/>
        </meta>
      </photo>
    </camera>
    <camera camera_id="16">
      <photo path="../../../IMG_1687.JPG">
        <meta>
          <property name="Exif/ApertureValue" value="4.375"/>
          <property name="Exif/DateTime" value="2015:09:07 10:28:57"/>
          <property name="Exif/DateTimeOriginal" value="2015:09:07 10:28:57"/>
          <property name="Exif/ExposureTime" value="0.02"/>
          <property name="Exif/FNumber" value="4.5"/>
          <property name="Exif/FocalLength" value="29"/>
          <property name="Exif/FocalPlaneXResolution" value="225.518771479532"/>
          <property name="Exif/FocalPlaneYResolution" value="228.67729769073"/>
          <property name="Exif/ISOSpeedRatings" value="400"/>
          <property name="Exif/Make" value="Canon"/>
          <property name="Exif/Model" value="Canon EOS 600D"/>
          <property name="Exif/Orientation" value="1"/>
          <property name="Exif/ShutterSpeedValue" value="5.625"/>
          <property name="File/ImageHeight" value="3456"/>
          <property name="File/ImageWidth" value="5184"/>
          <property name="System/FileModifyDate" value="2015:11:11 12:12:33"/>
          <property name="System/FileSize" value="5049700"/>
        </meta>
      </photo>
    </camera>
    <camera camera_id="17">
      <photo path="../../../IMG_1688.JPG">
        <meta>
          <property name="Exif/ApertureValue" value="4.375"/>
          <property name="Exif/DateTime" value="2015:09:07 10:29:02"/>
          <property name="Exif/DateTimeOriginal" value="2015:09:07 10:29:02"/>
          <property name="Exif/ExposureTime" value="0.02"/>
          <property name="Exif/FNumber" value="4.5"/>
          <property name="Exif/FocalLength" value="29"/>
          <property name="Exif/FocalPlaneXResolution" value="225.518771479532"/>
          <property name="Exif/FocalPlaneYResolution" value="228.67729769073"/>
          <property name="Exif/ISOSpeedRatings" value="400"/>
          <property name="Exif/Make" value="Canon"/>
          <property name="Exif/Model" value="Canon EOS 600D"/>
          <property name="Exif/Orientation" value="1"/>
          <property name="Exif/ShutterSpeedValue" value="5.625"/>
          <property name="File/ImageHeight" value="3456"/>
          <property name="File/ImageWidth" value="5184"/>
          <property name="System/FileModifyDate" value="2015:11:11 12:12:37"/>
          <property name="System/FileSize" value="5070014"/>
        </meta>
      </photo>
    </camera>
    <camera camera_id="18">
      <photo path="../../../IMG_1689.JPG">
        <meta>
          <property name="Exif/ApertureValue" value="4.375"/>
          <property name="Exif/DateTime" value="2015:09:07 10:29:10"/>
          <property name="Exif/DateTimeOriginal" value="2015:09:07 10:29:10"/>
          <property name="Exif/ExposureTime" value="0.02"/>
          <property name="Exif/FNumber" value="4.5"/>
          <property name="Exif/FocalLength" value="29"/>
          <property name="Exif/FocalPlaneXResolution" value="225.518771479532"/>
          <property name="Exif/FocalPlaneYResolution" value="228.67729769073"/>
          <property name="Exif/ISOSpeedRatings" value="400"/>
          <property name="Exif/Make" value="Canon"/>
          <property name="Exif/Model" value="Canon EOS 600D"/>
          <property name="Exif/Orientation" value="1"/>
          <property name="Exif/ShutterSpeedValue" value="5.625"/>
          <property name="File/ImageHeight" value="3456"/>
          <property name="File/ImageWidth" value="5184"/>
          <property name="System/FileModifyDate" value="2015:11:11 12:12:39"/>
          <property name="System/FileSize" value="5055316"/>
        </meta>
      </photo>
    </camera>
    <camera camera_id="19">
      <photo path="../../../IMG_1690.JPG">
        <meta>
          <property name="Exif/ApertureValue" value="4.375"/>
          <property name="Exif/DateTime" value="2015:09:07 10:29:16"/>
          <property name="Exif/DateTimeOriginal" value="2015:09:07 10:29:16"/>
          <property name="Exif/ExposureTime" value="0.025"/>
          <property name="Exif/FNumber" value="4.5"/>
          <property name="Exif/FocalLength" value="29"/>
          <property name="Exif/FocalPlaneXResolution" value="225.518771479532"/>
          <property name="Exif/FocalPlaneYResolution" value="228.67729769073"/>
          <property name="Exif/ISOSpeedRatings" value="400"/>
          <property name="Exif/Make" value="Canon"/>
          <property name="Exif/Model" value="Canon EOS 600D"/>
          <property name="Exif/Orientation" value="1"/>
          <property name="Exif/ShutterSpeedValue" value="5.375"/>
          <property name="File/ImageHeight" value="3456"/>
          <property name="File/ImageWidth" value="5184"/>
          <property name="System/FileModifyDate" value="2015:11:11 12:12:41"/>
          <property name="System/FileSize" value="5022993"/>
        </meta>
      </photo>
    </camera>
    <camera camera_id="39">
      <photo path="../../../IMG_1710.JPG">
        <meta>
          <property name="Exif/ApertureValue" value="4.375"/>
          <property name="Exif/DateTime" value="2015:09:07 10:32:42"/>
          <property name="Exif/DateTimeOriginal" value="2015:09:07 10:32:42"/>
          <property name="Exif/ExposureTime" value="0.02"/>
          <property name="Exif/FNumber" value="4.5"/>
          <property name="Exif/FocalLength" value="29"/>
          <property name="Exif/FocalPlaneXResolution" value="225.518771479532"/>
          <property name="Exif/FocalPlaneYResolution" value="228.67729769073"/>
          <property name="Exif/ISOSpeedRatings" value="400"/>
          <property name="Exif/Make" value="Canon"/>
          <property name="Exif/Model" value="Canon EOS 600D"/>
          <property name="Exif/Orientation" value="1"/>
          <property name="Exif/ShutterSpeedValue" value="5.625"/>
          <property name="File/ImageHeight" value="3456"/>
          <property name="File/ImageWidth" value="5184"/>
          <property name="System/FileModifyDate" value="2015:11:11 12:13:22"/>
          <property name="System/FileSize" value="4550747"/>
        </meta>
      </photo>
    </camera>
    <camera camera_id="40">
      <photo path="../../../IMG_1711.JPG">
        <meta>
          <property name="Exif/ApertureValue" value="4.375"/>
          <property name="Exif/DateTime" value="2015:09:07 10:32:48"/>
          <property name="Exif/DateTimeOriginal" value="2015:09:07 10:32:48"/>
          <property name="Exif/ExposureTime" value="0.02"/>
          <property name="Exif/FNumber" value="4.5"/>
          <property name="Exif/FocalLength" value="29"/>
          <property name="Exif/FocalPlaneXResolution" value="225.518771479532"/>
          <property name="Exif/FocalPlaneYResolution" value="228.67729769073"/>
          <property name="Exif/ISOSpeedRatings" value="400"/>
          <property name="Exif/Make" value="Canon"/>
          <property name="Exif/Model" value="Canon EOS 600D"/>
          <property name="Exif/Orientation" value="1"/>
          <property name="Exif/ShutterSpeedValue" value="5.625"/>
          <property name="File/ImageHeight" value="3456"/>
          <property name="File/ImageWidth" value="5184"/>
          <property name="System/FileModifyDate" value="2015:11:11 12:13:24"/>
          <property name="System/FileSize" value="4506825"/>
        </meta>
      </photo>
    </camera>
    <camera camera_id="41">
      <photo path="../../../IMG_1712.JPG">
        <meta>
          <property name="Exif/ApertureValue" value="4.375"/>
          <property name="Exif/DateTime" value="2015:09:07 10:32:53"/>
          <property name="Exif/DateTimeOriginal" value="2015:09:07 10:32:53"/>
          <property name="Exif/ExposureTime" value="0.02"/>
          <property name="Exif/FNumber" value="4.5"/>
          <property name="Exif/FocalLength" value="29"/>
          <property name="Exif/FocalPlaneXResolution" value="225.518771479532"/>
          <property name="Exif/FocalPlaneYResolution" value="228.67729769073"/>
          <property name="Exif/ISOSpeedRatings" value="400"/>
          <property name="Exif/Make" value="Canon"/>
          <property name="Exif/Model" value="Canon EOS 600D"/>
          <property name="Exif/Orientation" value="1"/>
          <property name="Exif/ShutterSpeedValue" value="5.625"/>
          <property name="File/ImageHeight" value="3456"/>
          <property name="File/ImageWidth" value="5184"/>
          <property name="System/FileModifyDate" value="2015:11:11 12:13:26"/>
          <property name="System/FileSize" value="4528042"/>
        </meta>
      </photo>
    </camera>
    <camera camera_id="42">
      <photo path="../../../IMG_1713.JPG">
        <meta>
          <property name="Exif/ApertureValue" value="4.375"/>
          <property name="Exif/DateTime" value="2015:09:07 10:32:58"/>
          <property name="Exif/DateTimeOriginal" value="2015:09:07 10:32:58"/>
          <property name="Exif/ExposureTime" value="0.02"/>
          <property name="Exif/FNumber" value="4.5"/>
          <property name="Exif/FocalLength" value="29"/>
          <property name="Exif/FocalPlaneXResolution" value="225.518771479532"/>
          <property name="Exif/FocalPlaneYResolution" value="228.67729769073"/>
          <property name="Exif/ISOSpeedRatings" value="400"/>
          <property name="Exif/Make" value="Canon"/>
          <property name="Exif/Model" value="Canon EOS 600D"/>
          <property name="Exif/Orientation" value="1"/>
          <property name="Exif/ShutterSpeedValue" value="5.625"/>
          <property name="File/ImageHeight" value="3456"/>
          <property name="File/ImageWidth" value="5184"/>
          <property name="System/FileModifyDate" value="2015:11:11 12:13:28"/>
          <property name="System/FileSize" value="4497037"/>
        </meta>
      </photo>
    </camera>
    <camera camera_id="43">
      <photo path="../../../IMG_1714.JPG">
        <meta>
          <property name="Exif/ApertureValue" value="4.375"/>
          <property name="Exif/DateTime" value="2015:09:07 10:33:04"/>
          <property name="Exif/DateTimeOriginal" value="2015:09:07 10:33:04"/>
          <property name="Exif/ExposureTime" value="0.02"/>
          <property name="Exif/FNumber" value="4.5"/>
          <property name="Exif/FocalLength" value="29"/>
          <property name="Exif/FocalPlaneXResolution" value="225.518771479532"/>
          <property name="Exif/FocalPlaneYResolution" value="228.67729769073"/>
          <property name="Exif/ISOSpeedRatings" value="400"/>
          <property name="Exif/Make" value="Canon"/>
          <property name="Exif/Model" value="Canon EOS 600D"/>
          <property name="Exif/Orientation" value="1"/>
          <property name="Exif/ShutterSpeedValue" value="5.625"/>
          <property name="File/ImageHeight" value="3456"/>
          <property name="File/ImageWidth" value="5184"/>
          <property name="System/FileModifyDate" value="2015:11:11 12:13:31"/>
          <property name="System/FileSize" value="4555612"/>
        </meta>
      </photo>
    </camera>
    <camera camera_id="44">
      <photo path="../../../IMG_1715.JPG">
        <meta>
          <property name="Exif/ApertureValue" value="4.375"/>
          <property name="Exif/DateTime" value="2015:09:07 10:33:11"/>
          <property name="Exif/DateTimeOriginal" value="2015:09:07 10:33:11"/>
          <property name="Exif/ExposureTime" value="0.02"/>
          <property name="Exif/FNumber" value="4.5"/>
          <property name="Exif/FocalLength" value="29"/>
          <property name="Exif/FocalPlaneXResolution" value="225.518771479532"/>
          <property name="Exif/FocalPlaneYResolution" value="228.67729769073"/>
          <property name="Exif/ISOSpeedRatings" value="400"/>
          <property name="Exif/Make" value="Canon"/>
          <property name="Exif/Model" value="Canon EOS 600D"/>
          <property name="Exif/Orientation" value="1"/>
          <property name="Exif/ShutterSpeedValue" value="5.625"/>
          <property name="File/ImageHeight" value="3456"/>
          <property name="File/ImageWidth" value="5184"/>
          <property name="System/FileModifyDate" value="2015:11:11 12:13:33"/>
          <property name="System/FileSize" value="4517665"/>
        </meta>
      </photo>
    </camera>
    <camera camera_id="45">
      <photo path="../../../IMG_1716.JPG">
        <meta>
          <property name="Exif/ApertureValue" value="4.375"/>
          <property name="Exif/DateTime" value="2015:09:07 10:33:16"/>
          <property name="Exif/DateTimeOriginal" value="2015:09:07 10:33:16"/>
          <property name="Exif/ExposureTime" value="0.02"/>
          <property name="Exif/FNumber" value="4.5"/>
          <property name="Exif/FocalLength" value="29"/>
          <property name="Exif/FocalPlaneXResolution" value="225.518771479532"/>
          <property name="Exif/FocalPlaneYResolution" value="228.67729769073"/>
          <property name="Exif/ISOSpeedRatings" value="400"/>
          <property name="Exif/Make" value="Canon"/>
          <property name="Exif/Model" value="Canon EOS 600D"/>
          <property name="Exif/Orientation" value="1"/>
          <property name="Exif/ShutterSpeedValue" value="5.625"/>
          <property name="File/ImageHeight" value="3456"/>
          <property name="File/ImageWidth" value="5184"/>
          <property name="System/FileModifyDate" value="2015:11:11 12:13:35"/>
          <property name="System/FileSize" value="4567474"/>
        </meta>
      </photo>
    </camera>
    <camera camera_id="46">
      <photo path="../../../IMG_1717.JPG">
        <meta>
          <property name="Exif/ApertureValue" value="4.375"/>
          <property name="Exif/DateTime" value="2015:09:07 10:33:23"/>
          <property name="Exif/DateTimeOriginal" value="2015:09:07 10:33:23"/>
          <property name="Exif/ExposureTime" value="0.02"/>
          <property name="Exif/FNumber" value="4.5"/>
          <property name="Exif/FocalLength" value="29"/>
          <property name="Exif/FocalPlaneXResolution" value="225.518771479532"/>
          <property name="Exif/FocalPlaneYResolution" value="228.67729769073"/>
          <property name="Exif/ISOSpeedRatings" value="400"/>
          <property name="Exif/Make" value="Canon"/>
          <property name="Exif/Model" value="Canon EOS 600D"/>
          <property name="Exif/Orientation" value="1"/>
          <property name="Exif/ShutterSpeedValue" value="5.625"/>
          <property name="File/ImageHeight" value="3456"/>
          <property name="File/ImageWidth" value="5184"/>
          <property name="System/FileModifyDate" value="2015:11:11 12:13:36"/>
          <property name="System/FileSize" value="4483117"/>
        </meta>
      </photo>
    </camera>
    <camera camera_id="47">
      <photo path="../../../IMG_1718.JPG">
        <meta>
          <property name="Exif/ApertureValue" value="4.375"/>
          <property name="Exif/DateTime" value="2015:09:07 10:33:28"/>
          <property name="Exif/DateTimeOriginal" value="2015:09:07 10:33:28"/>
          <property name="Exif/ExposureTime" value="0.02"/>
          <property name="Exif/FNumber" value="4.5"/>
          <property name="Exif/FocalLength" value="29"/>
          <property name="Exif/FocalPlaneXResolution" value="225.518771479532"/>
          <property name="Exif/FocalPlaneYResolution" value="228.67729769073"/>
          <property name="Exif/ISOSpeedRatings" value="400"/>
          <property name="Exif/Make" value="Canon"/>
          <property name="Exif/Model" value="Canon EOS 600D"/>
          <property name="Exif/Orientation" value="1"/>
          <property name="Exif/ShutterSpeedValue" value="5.625"/>
          <property name="File/ImageHeight" value="3456"/>
          <property name="File/ImageWidth" value="5184"/>
          <property name="System/FileModifyDate" value="2015:11:11 12:13:38"/>
          <property name="System/FileSize" value="4471712"/>
        </meta>
      </photo>
    </camera>
    <camera camera_id="48">
      <photo path="../../../IMG_1719.JPG">
        <meta>
          <property name="Exif/ApertureValue" value="4.375"/>
          <property name="Exif/DateTime" value="2015:09:07 10:33:33"/>
          <property name="Exif/DateTimeOriginal" value="2015:09:07 10:33:33"/>
          <property name="Exif/ExposureTime" value="0.02"/>
          <property name="Exif/FNumber" value="4.5"/>
          <property name="Exif/FocalLength" value="29"/>
          <property name="Exif/FocalPlaneXResolution" value="225.518771479532"/>
          <property name="Exif/FocalPlaneYResolution" value="228.67729769073"/>
          <property name="Exif/ISOSpeedRatings" value="400"/>
          <property name="Exif/Make" value="Canon"/>
          <property name="Exif/Model" value="Canon EOS 600D"/>
          <property name="Exif/Orientation" value="1"/>
          <property name="Exif/ShutterSpeedValue" value="5.625"/>
          <property name="File/ImageHeight" value="3456"/>
          <property name="File/ImageWidth" value="5184"/>
          <property name="System/FileModifyDate" value="2015:11:11 12:13:41"/>
          <property name="System/FileSize" value="4524943"/>
        </meta>
      </photo>
    </camera>
    <camera camera_id="49">
      <photo path="../../../IMG_1720.JPG">
        <meta>
          <property name="Exif/ApertureValue" value="4.375"/>
          <property name="Exif/DateTime" value="2015:09:07 10:33:38"/>
          <property name="Exif/DateTimeOriginal" value="2015:09:07 10:33:38"/>
          <property name="Exif/ExposureTime" value="0.02"/>
          <property name="Exif/FNumber" value="4.5"/>
          <property name="Exif/FocalLength" value="29"/>
          <property name="Exif/FocalPlaneXResolution" value="225.518771479532"/>
          <property name="Exif/FocalPlaneYResolution" value="228.67729769073"/>
          <property name="Exif/ISOSpeedRatings" value="400"/>
          <property name="Exif/Make" value="Canon"/>
          <property name="Exif/Model" value="Canon EOS 600D"/>
          <property name="Exif/Orientation" value="1"/>
          <property name="Exif/ShutterSpeedValue" value="5.625"/>
          <property name="File/ImageHeight" value="3456"/>
          <property name="File/ImageWidth" value="5184"/>
          <property name="System/FileModifyDate" value="2015:11:11 12:13:43"/>
          <property name="System/FileSize" value="4552266"/>
        </meta>
      </photo>
    </camera>
    <camera camera_id="50">
      <photo path="../../../IMG_1721.JPG">
        <meta>
          <property name="Exif/ApertureValue" value="4.375"/>
          <property name="Exif/DateTime" value="2015:09:07 10:33:44"/>
          <property name="Exif/DateTimeOriginal" value="2015:09:07 10:33:44"/>
          <property name="Exif/ExposureTime" value="0.02"/>
          <property name="Exif/FNumber" value="4.5"/>
          <property name="Exif/FocalLength" value="29"/>
          <property name="Exif/FocalPlaneXResolution" value="225.518771479532"/>
          <property name="Exif/FocalPlaneYResolution" value="228.67729769073"/>
          <property name="Exif/ISOSpeedRatings" value="400"/>
          <property name="Exif/Make" value="Canon"/>
          <property name="Exif/Model" value="Canon EOS 600D"/>
          <property name="Exif/Orientation" value="1"/>
          <property name="Exif/ShutterSpeedValue" value="5.625"/>
          <property name="File/ImageHeight" value="3456"/>
          <property name="File/ImageWidth" value="5184"/>
          <property name="System/FileModifyDate" value="2015:11:11 12:13:45"/>
          <property name="System/FileSize" value="4495016"/>
        </meta>
      </photo>
    </camera>
    <camera camera_id="51">
      <photo path="../../../IMG_1722.JPG">
        <meta>
          <property name="Exif/ApertureValue" value="4.375"/>
          <property name="Exif/DateTime" value="2015:09:07 10:33:49"/>
          <property name="Exif/DateTimeOriginal" value="2015:09:07 10:33:49"/>
          <property name="Exif/ExposureTime" value="0.02"/>
          <property name="Exif/FNumber" value="4.5"/>
          <property name="Exif/FocalLength" value="29"/>
          <property name="Exif/FocalPlaneXResolution" value="225.518771479532"/>
          <property name="Exif/FocalPlaneYResolution" value="228.67729769073"/>
          <property name="Exif/ISOSpeedRatings" value="400"/>
          <property name="Exif/Make" value="Canon"/>
          <property name="Exif/Model" value="Canon EOS 600D"/>
          <property name="Exif/Orientation" value="1"/>
          <property name="Exif/ShutterSpeedValue" value="5.625"/>
          <property name="File/ImageHeight" value="3456"/>
          <property name="File/ImageWidth" value="5184"/>
          <property name="System/FileModifyDate" value="2015:11:11 12:13:46"/>
          <property name="System/FileSize" value="4527154"/>
        </meta>
      </photo>
    </camera>
    <camera camera_id="52">
      <photo path="../../../IMG_1723.JPG">
        <meta>
          <property name="Exif/ApertureValue" value="4.375"/>
          <property name="Exif/DateTime" value="2015:09:07 10:33:54"/>
          <property name="Exif/DateTimeOriginal" value="2015:09:07 10:33:54"/>
          <property name="Exif/ExposureTime" value="0.02"/>
          <property name="Exif/FNumber" value="4.5"/>
          <property name="Exif/FocalLength" value="29"/>
          <property name="Exif/FocalPlaneXResolution" value="225.518771479532"/>
          <property name="Exif/FocalPlaneYResolution" value="228.67729769073"/>
          <property name="Exif/ISOSpeedRatings" value="400"/>
          <property name="Exif/Make" value="Canon"/>
          <property name="Exif/Model" value="Canon EOS 600D"/>
          <property name="Exif/Orientation" value="1"/>
          <property name="Exif/ShutterSpeedValue" value="5.625"/>
          <property name="File/ImageHeight" value="3456"/>
          <property name="File/ImageWidth" value="5184"/>
          <property name="System/FileModifyDate" value="2015:11:11 12:13:48"/>
          <property name="System/FileSize" value="4565159"/>
        </meta>
      </photo>
    </camera>
  </cameras>
  <markers>
    <marker marker_id="2">
      <location camera_id="1" pinned="true" x="1331.3678" y="3155.7183"/>
      <location camera_id="39" pinned="true" x="1802.241" y="3157.5154"/>
    </marker>
    <marker marker_id="3">
      <location camera_id="1" pinned="true" x="3798.9595" y="3141.3403"/>
      <location camera_id="39" pinned="true" x="3592.2783" y="3047.8845"/>
    </marker>
    <marker marker_id="4">
      <location camera_id="42" pinned="true" x="2733.4797" y="2613.7134"/>
      <location camera_id="43" pinned="true" x="2332.5298" y="2598.8308"/>
    </marker>
    <marker marker_id="5">
      <location camera_id="49" pinned="true" x="2886.1072" y="2496.2732"/>
      <location camera_id="50" pinned="true" x="2578.0259" y="2536.1365"/>
    </marker>
    <marker marker_id="6">
      <location camera_id="44" pinned="true" x="2602.3652" y="2604.0806"/>
      <location camera_id="45" pinned="true" x="2206.9893" y="2557.9304"/>
    </marker>
  </markers>
  <masks path="masks/masks.zip"/>
  <thumbnails path="thumbnails/thumbnails.zip"/>
  <point_cloud path="point_cloud/point_cloud.zip"/>
  <dense_cloud path="dense_cloud/dense_cloud.zip"/>
</frame>
