<?xml version="1.0" encoding="UTF-8"?>
<masks version="1.2.0">
  <mask camera_id="0" path="c0.png"/>
  <mask camera_id="1" path="c1.png"/>
  <mask camera_id="2" path="c2.png"/>
  <mask camera_id="3" path="c3.png"/>
  <mask camera_id="4" path="c4.png"/>
  <mask camera_id="5" path="c5.png"/>
  <mask camera_id="6" path="c6.png"/>
  <mask camera_id="7" path="c7.png"/>
  <mask camera_id="8" path="c8.png"/>
  <mask camera_id="9" path="c9.png"/>
  <mask camera_id="10" path="c10.png"/>
  <mask camera_id="11" path="c11.png"/>
  <mask camera_id="12" path="c12.png"/>
  <mask camera_id="13" path="c13.png"/>
  <mask camera_id="14" path="c14.png"/>
  <mask camera_id="15" path="c15.png"/>
  <mask camera_id="16" path="c16.png"/>
  <mask camera_id="17" path="c17.png"/>
  <mask camera_id="18" path="c18.png"/>
  <mask camera_id="19" path="c19.png"/>
  <mask camera_id="39" path="c39.png"/>
  <mask camera_id="40" path="c40.png"/>
  <mask camera_id="41" path="c41.png"/>
  <mask camera_id="42" path="c42.png"/>
  <mask camera_id="43" path="c43.png"/>
  <mask camera_id="44" path="c44.png"/>
  <mask camera_id="45" path="c45.png"/>
  <mask camera_id="46" path="c46.png"/>
  <mask camera_id="47" path="c47.png"/>
  <mask camera_id="48" path="c48.png"/>
  <mask camera_id="49" path="c49.png"/>
  <mask camera_id="50" path="c50.png"/>
  <mask camera_id="51" path="c51.png"/>
  <mask camera_id="52" path="c52.png"/>
</masks>
